CTLabel,BoroCode,BoroName,CT2020,BoroCT2020,CDEligibil,NTAName,NTA2020,CDTA2020,CDTANAME,GEOID,Asian Alone - ACSDT5YSPT2021.B01003-Data_NAME,Asian Alone - ACSDT5YSPT2021.B01003-Data_POPGROUP_LABEL,Asian Alone - ACSDT5YSPT2021.B01003-Data_Total_pop
"18","1",Manhattan,"001800","1001800",,Lower East Side,MN0302,MN03,MN03 Lower East Side-Chinatown (CD 3 Equivalent),"36061001800","Census Tract 18; New York County; New York",Asian alone or in combination with one or more other races,"3441"
"31","1",Manhattan,"003100","1003100",,Tribeca-Civic Center,MN0102,MN01,MN01 Financial District-Tribeca (CD 1 Equivalent),"36061003100","Census Tract 31; New York County; New York",Asian alone or in combination with one or more other races,"770"
"45","1",Manhattan,"004500","1004500",,SoHo-Little Italy-Hudson Square,MN0201,MN02,MN02 Greenwich Village-SoHo (CD 2 Equivalent),"36061004500",,,
"54","1",Manhattan,"005400","1005400",,Midtown South-Flatiron-Union Square,MN0501,MN05,MN05 Midtown-Flatiron-Union Square (CD 5 Approximation),"36061005400",,,
"16","1",Manhattan,"001600","1001600",,Chinatown-Two Bridges,MN0301,MN03,MN03 Lower East Side-Chinatown (CD 3 Equivalent),"36061001600","Census Tract 16; New York County; New York",Asian alone or in combination with one or more other races,"6149"
"84","3",Brooklyn,"008400","3008400",,Sunset Park (West),BK0702,BK07,BK07 Sunset Park-Windsor Terrace (CD 7 Approximation),"36047008400",,,
"102","3",Brooklyn,"010200","3010200",,Sunset Park (Central),BK0703,BK07,BK07 Sunset Park-Windsor Terrace (CD 7 Approximation),"36047010200","Census Tract 102; Kings County; New York",Asian alone or in combination with one or more other races,"3434"
"106.02","3",Brooklyn,"010602","3010602",,Sunset Park (East)-Borough Park (West),BK1201,BK12,BK12 Borough Park-Kensington (CD 12 Approximation),"36047010602","Census Tract 106.02; Kings County; New York",Asian alone or in combination with one or more other races,"2054"
"29.02","1",Manhattan,"002902","1002902",,Chinatown-Two Bridges,MN0301,MN03,MN03 Lower East Side-Chinatown (CD 3 Equivalent),"36061002902","Census Tract 29.02; New York County; New York",Asian alone or in combination with one or more other races,"3507"
"13","1",Manhattan,"001300","1001300",,Financial District-Battery Park City,MN0101,MN01,MN01 Financial District-Tribeca (CD 1 Equivalent),"36061001300","Census Tract 13; New York County; New York",Asian alone or in combination with one or more other races,"1341"
"449.02","3",Brooklyn,"044902","3044902",,East Williamsburg,BK0104,BK01,BK01 Williamsburg-Greenpoint (CD 1 Equivalent),"36047044902",,,
