CTLabel,BoroCode,BoroName,CT2020,BoroCT2020,CDEligibil,NTAName,NTA2020,CDTA2020,CDTANAME,GEOID,PUMA,Shape_Leng,Shape_Area,Asian Alone - ACSDT5YSPT2021.B01003-Data_NAME,Asian Alone - ACSDT5YSPT2021.B01003-Data_POPGROUP_LABEL,Asian Alone - ACSDT5YSPT2021.B01003-Data_Total_pop
"82","1",Manhattan,"008200","1008200",,Midtown-Times Square,MN0502,MN05,MN05 Midtown-Flatiron-Union Square (CD 5 Approximation),"36061008200","4165",5681.26086793000,1856719.42015999998,,,
"84","1",Manhattan,"008400","1008400",,Midtown-Times Square,MN0502,MN05,MN05 Midtown-Flatiron-Union Square (CD 5 Approximation),"36061008400","4165",5690.70188955000,1862741.79820000008,"Census Tract 84; New York County; New York",Asian alone or in combination with one or more other races,"531"
"92","1",Manhattan,"009200","1009200",,East Midtown-Turtle Bay,MN0604,MN06,MN06 East Midtown-Murray Hill (CD 6 Approximation),"36061009200","4165",6172.97892123000,2118430.84367999993,,,
"94","1",Manhattan,"009400","1009400",,Midtown-Times Square,MN0502,MN05,MN05 Midtown-Flatiron-Union Square (CD 5 Approximation),"36061009400","4165",5738.94007408000,1646379.21084999992,,,
"96","1",Manhattan,"009600","1009600",,Midtown-Times Square,MN0502,MN05,MN05 Midtown-Flatiron-Union Square (CD 5 Approximation),"36061009600","4165",5737.35624361000,1887288.38571999990,,,
"113","1",Manhattan,"011300","1011300",,Midtown-Times Square,MN0502,MN05,MN05 Midtown-Flatiron-Union Square (CD 5 Approximation),"36061011300","4165",5699.86063926000,1890907.26841000002,,,
"119","1",Manhattan,"011900","1011900",,Midtown-Times Square,MN0502,MN05,MN05 Midtown-Flatiron-Union Square (CD 5 Approximation),"36061011900","4165",5722.09072885000,1911310.68699999992,,,
"259","4",Queens,"025900","4025900",,Woodside,QN0203,QN02,QN02 Long Island City-Sunnyside-Woodside (CD 2 Approximation),"36081025900","4402",6688.71680898000,2014820.56841000007,"Census Tract 259; Queens County; New York",Asian alone or in combination with one or more other races,"1397"
"263","4",Queens,"026300","4026300",,Woodside,QN0203,QN02,QN02 Long Island City-Sunnyside-Woodside (CD 2 Approximation),"36081026300","4402",6217.15726356000,2242333.58968000021,"Census Tract 263; Queens County; New York",Asian alone or in combination with one or more other races,"3095"
"249","4",Queens,"024900","4024900",,Woodside,QN0203,QN02,QN02 Long Island City-Sunnyside-Woodside (CD 2 Approximation),"36081024900","4402",5899.22586119000,2196907.25070999982,"Census Tract 249; Queens County; New York",Asian alone or in combination with one or more other races,"2329"
"261","4",Queens,"026100","4026100",,Woodside,QN0203,QN02,QN02 Long Island City-Sunnyside-Woodside (CD 2 Approximation),"36081026100","4402",6592.53136525000,2384003.70179999992,"Census Tract 261; Queens County; New York",Asian alone or in combination with one or more other races,"3402"
"247","4",Queens,"024700","4024700",,Woodside,QN0203,QN02,QN02 Long Island City-Sunnyside-Woodside (CD 2 Approximation),"36081024700","4402",4675.91047624000,1050662.08085000003,"Census Tract 247; Queens County; New York",Asian alone or in combination with one or more other races,"848"
