CTLabel,BoroCode,BoroName,CT2020,BoroCT2020,CDEligibil,NTAName,NTA2020,CDTA2020,CDTANAME,GEOID,PUMA,Shape_Leng,Shape_Area,Asian Alone - ACSDT5YSPT2021.B01003-Data_NAME,Asian Alone - ACSDT5YSPT2021.B01003-Data_POPGROUP_LABEL,Asian Alone - ACSDT5YSPT2021.B01003-Data_Total_pop
"80","1",Manhattan,"008000","1008000",,Murray Hill-Kips Bay,MN0603,MN06,MN06 East Midtown-Murray Hill (CD 6 Approximation),"36061008000","4165",5682.15354559000,1855976.69852999994,,,
"82","1",Manhattan,"008200","1008200",,Midtown-Times Square,MN0502,MN05,MN05 Midtown-Flatiron-Union Square (CD 5 Approximation),"36061008200","4165",5681.26086793000,1856719.42015999998,,,
"84","1",Manhattan,"008400","1008400",,Midtown-Times Square,MN0502,MN05,MN05 Midtown-Flatiron-Union Square (CD 5 Approximation),"36061008400","4165",5690.70188955000,1862741.79820000008,"Census Tract 84; New York County; New York",Asian alone or in combination with one or more other races,"531"
"92","1",Manhattan,"009200","1009200",,East Midtown-Turtle Bay,MN0604,MN06,MN06 East Midtown-Murray Hill (CD 6 Approximation),"36061009200","4165",6172.97892123000,2118430.84367999993,,,
"94","1",Manhattan,"009400","1009400",,Midtown-Times Square,MN0502,MN05,MN05 Midtown-Flatiron-Union Square (CD 5 Approximation),"36061009400","4165",5738.94007408000,1646379.21084999992,,,
"96","1",Manhattan,"009600","1009600",,Midtown-Times Square,MN0502,MN05,MN05 Midtown-Flatiron-Union Square (CD 5 Approximation),"36061009600","4165",5737.35624361000,1887288.38571999990,,,
"849.02","4",Queens,"084902","4084902",,Flushing-Willets Point,QN0707,QN07,QN07 Flushing-Murray Hill-Whitestone (CD 7 Approximation),"36081084902","4407",4747.23175506000,1071584.32250000001,"Census Tract 849.02; Queens County; New York",Asian alone or in combination with one or more other races,"3446"
"865","4",Queens,"086500","4086500",,Flushing-Willets Point,QN0707,QN07,QN07 Flushing-Murray Hill-Whitestone (CD 7 Approximation),"36081086500","4407",5179.00666375000,1702759.70912000001,"Census Tract 865; Queens County; New York",Asian alone or in combination with one or more other races,"3035"
"869","4",Queens,"086900","4086900",,Flushing-Willets Point,QN0707,QN07,QN07 Flushing-Murray Hill-Whitestone (CD 7 Approximation),"36081086900","4407",12114.34159620000,6618402.90741000045,"Census Tract 869; Queens County; New York",Asian alone or in combination with one or more other races,"1462"
"871","4",Queens,"087100","4087100",,Flushing-Willets Point,QN0707,QN07,QN07 Flushing-Murray Hill-Whitestone (CD 7 Approximation),"36081087100","4407",11880.19784370000,4757781.66794000007,"Census Tract 871; Queens County; New York",Asian alone or in combination with one or more other races,"2490"
"853","4",Queens,"085300","4085300",,Flushing-Willets Point,QN0707,QN07,QN07 Flushing-Murray Hill-Whitestone (CD 7 Approximation),"36081085300","4407",7933.21419116000,2102465.73316999990,"Census Tract 853; Queens County; New York",Asian alone or in combination with one or more other races,"4937"
"855","4",Queens,"085500","4085500",,Flushing-Willets Point,QN0707,QN07,QN07 Flushing-Murray Hill-Whitestone (CD 7 Approximation),"36081085500","4407",4829.54780050000,1405499.92247000011,"Census Tract 855; Queens County; New York",Asian alone or in combination with one or more other races,"4576"
