CTLabel,BoroCode,BoroName,CT2020,BoroCT2020,CDEligibil,NTAName,NTA2020,CDTA2020,CDTANAME,GEOID,PUMA,Shape_Leng,Shape_Area,Asian Alone - ACSDT5YSPT2021.B01003-Data_NAME,Asian Alone - ACSDT5YSPT2021.B01003-Data_POPGROUP_LABEL,Asian Alone - ACSDT5YSPT2021.B01003-Data_Total_pop
"14.01","1",Manhattan,"001401","1001401",,Lower East Side,MN0302,MN03,MN03 Lower East Side-Chinatown (CD 3 Equivalent),"36061001401","4103",5075.33199978000,1006116.58429000003,,,
"14.02","1",Manhattan,"001402","1001402",,Lower East Side,MN0302,MN03,MN03 Lower East Side-Chinatown (CD 3 Equivalent),"36061001402","4103",4459.15601870000,1226206.24719000002,"Census Tract 14.02; New York County; New York",Asian alone or in combination with one or more other races,"1148"
"18","1",Manhattan,"001800","1001800",,Lower East Side,MN0302,MN03,MN03 Lower East Side-Chinatown (CD 3 Equivalent),"36061001800","4103",6391.92117449000,2399276.86434999993,"Census Tract 18; New York County; New York",Asian alone or in combination with one or more other races,"3441"
"22.01","1",Manhattan,"002201","1002201",,Lower East Side,MN0302,MN03,MN03 Lower East Side-Chinatown (CD 3 Equivalent),"36061002201","4103",5779.06260724000,1740173.87581000011,,,
"31","1",Manhattan,"003100","1003100",,Tribeca-Civic Center,MN0102,MN01,MN01 Financial District-Tribeca (CD 1 Equivalent),"36061003100","4121",7967.86702864000,2207015.17474000016,"Census Tract 31; New York County; New York",Asian alone or in combination with one or more other races,"770"
"32","1",Manhattan,"003200","1003200",,East Village,MN0303,MN03,MN03 Lower East Side-Chinatown (CD 3 Equivalent),"36061003200","4103",6358.43545384000,2335526.62183000008,,,
"33","1",Manhattan,"003300","1003300",,Tribeca-Civic Center,MN0102,MN01,MN01 Financial District-Tribeca (CD 1 Equivalent),"36061003300","4121",8170.75642439000,3677727.61843999987,,,
"36.01","1",Manhattan,"003601","1003601",,Lower East Side,MN0302,MN03,MN03 Lower East Side-Chinatown (CD 3 Equivalent),"36061003601","4103",4201.29530909000,1082296.16558000003,"Census Tract 36.01; New York County; New York",Asian alone or in combination with one or more other races,"882"
"36.02","1",Manhattan,"003602","1003602",,East Village,MN0303,MN03,MN03 Lower East Side-Chinatown (CD 3 Equivalent),"36061003602","4103",4076.25032584000,961070.50006100000,"Census Tract 36.02; New York County; New York",Asian alone or in combination with one or more other races,"522"
"40.02","1",Manhattan,"004002","1004002",,East Village,MN0303,MN03,MN03 Lower East Side-Chinatown (CD 3 Equivalent),"36061004002","4103",4046.98099391000,932610.98620699998,"Census Tract 40.02; New York County; New York",Asian alone or in combination with one or more other races,"1369"
"41","1",Manhattan,"004100","1004100",,SoHo-Little Italy-Hudson Square,MN0201,MN02,MN02 Greenwich Village-SoHo (CD 2 Equivalent),"36061004100","4121",5913.87073980000,2058611.77685000002,"Census Tract 41; New York County; New York",Asian alone or in combination with one or more other races,"3790"
"43","1",Manhattan,"004300","1004300",,SoHo-Little Italy-Hudson Square,MN0201,MN02,MN02 Greenwich Village-SoHo (CD 2 Equivalent),"36061004300","4121",5090.41972568000,1605585.00792000000,,,
"45","1",Manhattan,"004500","1004500",,SoHo-Little Italy-Hudson Square,MN0201,MN02,MN02 Greenwich Village-SoHo (CD 2 Equivalent),"36061004500","4121",4604.74251526000,1129524.35465000011,,,
"52","1",Manhattan,"005200","1005200",,Midtown South-Flatiron-Union Square,MN0501,MN05,MN05 Midtown-Flatiron-Union Square (CD 5 Approximation),"36061005200","4165",5790.38825222000,1815428.99169000005,"Census Tract 52; New York County; New York",Asian alone or in combination with one or more other races,"631"
"54","1",Manhattan,"005400","1005400",,Midtown South-Flatiron-Union Square,MN0501,MN05,MN05 Midtown-Flatiron-Union Square (CD 5 Approximation),"36061005400","4165",5588.63701127000,1809255.65822999994,,,
"55.01","1",Manhattan,"005501","1005501",,Greenwich Village,MN0202,MN02,MN02 Greenwich Village-SoHo (CD 2 Equivalent),"36061005501","4121",4650.76717945000,1338496.76795000001,"Census Tract 55.01; New York County; New York",Asian alone or in combination with one or more other races,"1478"
"55.02","1",Manhattan,"005502","1005502",,Greenwich Village,MN0202,MN02,MN02 Greenwich Village-SoHo (CD 2 Equivalent),"36061005502","4121",4547.01610161000,1243017.22803999996,,,
"58","1",Manhattan,"005800","1005800",,Midtown South-Flatiron-Union Square,MN0501,MN05,MN05 Midtown-Flatiron-Union Square (CD 5 Approximation),"36061005800","4165",5720.57431636000,1879679.38883000007,,,
"63","1",Manhattan,"006300","1006300",,Greenwich Village,MN0202,MN02,MN02 Greenwich Village-SoHo (CD 2 Equivalent),"36061006300","4121",5802.50819179000,1918265.47759000002,,,
"65","1",Manhattan,"006500","1006500",,Greenwich Village,MN0202,MN02,MN02 Greenwich Village-SoHo (CD 2 Equivalent),"36061006500","4121",6351.18177406000,2167367.11549000023,"Census Tract 65; New York County; New York",Asian alone or in combination with one or more other races,"973"
"70.02","1",Manhattan,"007002","1007002",,Murray Hill-Kips Bay,MN0603,MN06,MN06 East Midtown-Murray Hill (CD 6 Approximation),"36061007002","4165",4036.36952209000,941181.26639400003,,,
"71","1",Manhattan,"007100","1007100",,West Village,MN0203,MN02,MN02 Greenwich Village-SoHo (CD 2 Equivalent),"36061007100","4121",6603.38612647000,1774264.34210000001,,,
"72","1",Manhattan,"007200","1007200",,Murray Hill-Kips Bay,MN0603,MN06,MN06 East Midtown-Murray Hill (CD 6 Approximation),"36061007200","4165",5722.94380674000,1877428.79582000012,,,
"76","1",Manhattan,"007600","1007600",,Midtown South-Flatiron-Union Square,MN0501,MN05,MN05 Midtown-Flatiron-Union Square (CD 5 Approximation),"36061007600","4165",5717.63343742000,1873518.14596000011,"Census Tract 76; New York County; New York",Asian alone or in combination with one or more other races,"828"
"77","1",Manhattan,"007700","1007700",,West Village,MN0203,MN02,MN02 Greenwich Village-SoHo (CD 2 Equivalent),"36061007700","4121",5765.37214246000,1924995.85467000003,,,
"78","1",Manhattan,"007800","1007800",,Murray Hill-Kips Bay,MN0603,MN06,MN06 East Midtown-Murray Hill (CD 6 Approximation),"36061007800","4165",5546.86738568000,1912109.89721000008,"Census Tract 78; New York County; New York",Asian alone or in combination with one or more other races,"2573"
"80","1",Manhattan,"008000","1008000",,Murray Hill-Kips Bay,MN0603,MN06,MN06 East Midtown-Murray Hill (CD 6 Approximation),"36061008000","4165",5682.15354559000,1855976.69852999994,,,
"81","1",Manhattan,"008100","1008100",,Chelsea-Hudson Yards,MN0401,MN04,MN04 Chelsea-Hell's Kitchen (CD 4 Approximation),"36061008100","4104",5683.39375249000,1875912.49867999996,,,
"82","1",Manhattan,"008200","1008200",,Midtown-Times Square,MN0502,MN05,MN05 Midtown-Flatiron-Union Square (CD 5 Approximation),"36061008200","4165",5681.26086793000,1856719.42015999998,,,
"84","1",Manhattan,"008400","1008400",,Midtown-Times Square,MN0502,MN05,MN05 Midtown-Flatiron-Union Square (CD 5 Approximation),"36061008400","4165",5690.70188955000,1862741.79820000008,"Census Tract 84; New York County; New York",Asian alone or in combination with one or more other races,"531"
"87","1",Manhattan,"008700","1008700",,Chelsea-Hudson Yards,MN0401,MN04,MN04 Chelsea-Hell's Kitchen (CD 4 Approximation),"36061008700","4104",5579.48038550000,1780834.06535000005,,,
"91","1",Manhattan,"009100","1009100",,Chelsea-Hudson Yards,MN0401,MN04,MN04 Chelsea-Hell's Kitchen (CD 4 Approximation),"36061009100","4104",5743.39332012000,1927040.12601000001,,,
"92","1",Manhattan,"009200","1009200",,East Midtown-Turtle Bay,MN0604,MN06,MN06 East Midtown-Murray Hill (CD 6 Approximation),"36061009200","4165",6172.97892123000,2118430.84367999993,,,
"94","1",Manhattan,"009400","1009400",,Midtown-Times Square,MN0502,MN05,MN05 Midtown-Flatiron-Union Square (CD 5 Approximation),"36061009400","4165",5738.94007408000,1646379.21084999992,,,
"95","1",Manhattan,"009500","1009500",,Midtown South-Flatiron-Union Square,MN0501,MN05,MN05 Midtown-Flatiron-Union Square (CD 5 Approximation),"36061009500","4165",5658.97071691000,1851171.24881000002,,,
"96","1",Manhattan,"009600","1009600",,Midtown-Times Square,MN0502,MN05,MN05 Midtown-Flatiron-Union Square (CD 5 Approximation),"36061009600","4165",5737.35624361000,1887288.38571999990,,,
"100","1",Manhattan,"010000","1010000",,East Midtown-Turtle Bay,MN0604,MN06,MN06 East Midtown-Murray Hill (CD 6 Approximation),"36061010000","4165",5684.21153375000,1859881.00493999990,,,
"101","1",Manhattan,"010100","1010100",,Midtown South-Flatiron-Union Square,MN0501,MN05,MN05 Midtown-Flatiron-Union Square (CD 5 Approximation),"36061010100","4165",5701.71593196000,1891377.98652000003,"Census Tract 101; New York County; New York",Asian alone or in combination with one or more other races,"491"
"102","1",Manhattan,"010200","1010200",,Midtown-Times Square,MN0502,MN05,MN05 Midtown-Flatiron-Union Square (CD 5 Approximation),"36061010200","4165",5687.80226274000,1860992.68904000008,,,
"104","1",Manhattan,"010400","1010400",,Midtown-Times Square,MN0502,MN05,MN05 Midtown-Flatiron-Union Square (CD 5 Approximation),"36061010400","4165",5693.03611742000,1864600.36942999996,,,
"108.01","1",Manhattan,"010801","1010801",,East Midtown-Turtle Bay,MN0604,MN06,MN06 East Midtown-Murray Hill (CD 6 Approximation),"36061010801","4165",3972.95951405000,763140.63822199998,,,
"109","1",Manhattan,"010900","1010900",,Midtown-Times Square,MN0502,MN05,MN05 Midtown-Flatiron-Union Square (CD 5 Approximation),"36061010900","4165",5703.53152525000,1891364.51328999992,,,
"112.01","1",Manhattan,"011201","1011201",,Midtown-Times Square,MN0502,MN05,MN05 Midtown-Flatiron-Union Square (CD 5 Approximation),"36061011201","4165",3716.14703189000,856164.27825600002,,,
"112.02","1",Manhattan,"011202","1011202",,Midtown-Times Square,MN0502,MN05,MN05 Midtown-Flatiron-Union Square (CD 5 Approximation),"36061011202","4165",3688.76232873000,839525.67302600003,,,
"112.03","1",Manhattan,"011203","1011203",,East Midtown-Turtle Bay,MN0604,MN06,MN06 East Midtown-Murray Hill (CD 6 Approximation),"36061011203","4165",3682.03628269000,841193.01006799995,,,
"113","1",Manhattan,"011300","1011300",,Midtown-Times Square,MN0502,MN05,MN05 Midtown-Flatiron-Union Square (CD 5 Approximation),"36061011300","4165",5699.86063926000,1890907.26841000002,,,
"114.02","1",Manhattan,"011402","1011402",,Upper East Side-Carnegie Hill,MN0802,MN08,MN08 Upper East Side-Roosevelt Island (CD 8 Equivalent),"36061011402","4108",4125.25634984000,1063547.35348999989,,,
"118","1",Manhattan,"011800","1011800",,Upper East Side-Lenox Hill-Roosevelt Island,MN0801,MN08,MN08 Upper East Side-Roosevelt Island (CD 8 Equivalent),"36061011800","4108",5524.54237872000,1903276.16598999989,,,
"119","1",Manhattan,"011900","1011900",,Midtown-Times Square,MN0502,MN05,MN05 Midtown-Flatiron-Union Square (CD 5 Approximation),"36061011900","4165",5722.09072885000,1911310.68699999992,,,
"120","1",Manhattan,"012000","1012000",,Upper East Side-Carnegie Hill,MN0802,MN08,MN08 Upper East Side-Roosevelt Island (CD 8 Equivalent),"36061012000","4108",5693.86556537000,1862415.51129999990,,,
"121.01","1",Manhattan,"012101","1012101",,Hell's Kitchen,MN0402,MN04,MN04 Chelsea-Hell's Kitchen (CD 4 Approximation),"36061012101","4104",3933.12523601000,959570.57603000000,,,
"121.02","1",Manhattan,"012102","1012102",,Hell's Kitchen,MN0402,MN04,MN04 Chelsea-Hell's Kitchen (CD 4 Approximation),"36061012102","4104",3933.96052052000,959890.05928900000,,,
"122","1",Manhattan,"012200","1012200",,Upper East Side-Carnegie Hill,MN0802,MN08,MN08 Upper East Side-Roosevelt Island (CD 8 Equivalent),"36061012200","4108",5683.16743346000,1857829.44402999990,,,
"125","1",Manhattan,"012500","1012500",,Midtown-Times Square,MN0502,MN05,MN05 Midtown-Flatiron-Union Square (CD 5 Approximation),"36061012500","4165",5683.93714341000,1875481.30315999989,"Census Tract 125; New York County; New York",Asian alone or in combination with one or more other races,"806"
"126.02","1",Manhattan,"012602","1012602",,Upper East Side-Lenox Hill-Roosevelt Island,MN0801,MN08,MN08 Upper East Side-Roosevelt Island (CD 8 Equivalent),"36061012602","4108",4127.74443944000,960965.25201000005,,,
"127","1",Manhattan,"012700","1012700",,Hell's Kitchen,MN0402,MN04,MN04 Chelsea-Hell's Kitchen (CD 4 Approximation),"36061012700","4104",5682.36124648000,1872371.15965000005,,,
"130","1",Manhattan,"013000","1013000",,Upper East Side-Carnegie Hill,MN0802,MN08,MN08 Upper East Side-Roosevelt Island (CD 8 Equivalent),"36061013000","4108",5807.97295431000,1918144.60556999990,,,
"131","1",Manhattan,"013100","1013100",,Midtown-Times Square,MN0502,MN05,MN05 Midtown-Flatiron-Union Square (CD 5 Approximation),"36061013100","4165",5680.12341863000,1874645.76618000004,"Census Tract 131; New York County; New York",Asian alone or in combination with one or more other races,"690"
"133","1",Manhattan,"013300","1013300",,Hell's Kitchen,MN0402,MN04,MN04 Chelsea-Hell's Kitchen (CD 4 Approximation),"36061013300","4104",5684.39575861000,1876670.07208000007,"Census Tract 133; New York County; New York",Asian alone or in combination with one or more other races,"1818"
"177","1",Manhattan,"017700","1017700",,Upper West Side (Central),MN0702,MN07,MN07 Upper West Side (CD 7 Approximation),"36061017700","4107",5688.50157024000,1878929.74707999988,,,
"181","1",Manhattan,"018100","1018100",,Upper West Side (Central),MN0702,MN07,MN07 Upper West Side (CD 7 Approximation),"36061018100","4107",5253.87795421000,1489902.89326999988,,,
"187","1",Manhattan,"018700","1018700",,Upper West Side-Manhattan Valley,MN0703,MN07,MN07 Upper West Side (CD 7 Approximation),"36061018700","4107",6534.41136082000,2323892.25423000008,,,
"237.04","2",Bronx,"023704","2023704",,Fordham Heights,BX0503,BX05,BX05 Morris Heights-Mount Hope (CD 5 Approximation),"36005023704","4205",3627.53038729000,728192.34704599995,,,
"239","2",Bronx,"023900","2023900",,Fordham Heights,BX0503,BX05,BX05 Morris Heights-Mount Hope (CD 5 Approximation),"36005023900","4205",7305.92838259000,1913174.94235999999,,,
"251","2",Bronx,"025100","2025100",,University Heights (South)-Morris Heights,BX0501,BX05,BX05 Morris Heights-Mount Hope (CD 5 Approximation),"36005025100","4205",6295.47937861000,2253288.15118000004,,,
"253","2",Bronx,"025300","2025300",,University Heights (North)-Fordham,BX0701,BX07,BX07 Fordham-Bedford Park-Norwood (CD 7 Approximation),"36005025300","4207",5424.86568390000,1342439.48722000001,,,
"383.01","2",Bronx,"038301","2038301",,Fordham Heights,BX0503,BX05,BX05 Morris Heights-Mount Hope (CD 5 Approximation),"36005038301","4205",4142.37043152000,1030540.59533000004,,,
"31","4",Queens,"003100","4003100",,Queensbridge-Ravenswood-Dutch Kills,QN0105,QN01,QN01 Astoria-Queensbridge (CD 1 Equivalent),"36081003100","4401",6683.01062610000,1775765.17660999997,,,
"33.02","4",Queens,"003302","4003302",,Queensbridge-Ravenswood-Dutch Kills,QN0105,QN01,QN01 Astoria-Queensbridge (CD 1 Equivalent),"36081003302","4401",8992.52941955000,3527015.33461999986,,,
"251","4",Queens,"025100","4025100",,Woodside,QN0203,QN02,QN02 Long Island City-Sunnyside-Woodside (CD 2 Approximation),"36081025100","4402",7406.43530060000,2646559.91147999978,"Census Tract 251; Queens County; New York",Asian alone or in combination with one or more other races,"1424"
"255","4",Queens,"025500","4025500",,Woodside,QN0203,QN02,QN02 Long Island City-Sunnyside-Woodside (CD 2 Approximation),"36081025500","4402",7492.78594737000,2345871.57811000012,"Census Tract 255; Queens County; New York",Asian alone or in combination with one or more other races,"911"
"257","4",Queens,"025700","4025700",,Woodside,QN0203,QN02,QN02 Long Island City-Sunnyside-Woodside (CD 2 Approximation),"36081025700","4402",7917.29861648000,1621552.76775999996,"Census Tract 257; Queens County; New York",Asian alone or in combination with one or more other races,"784"
"259","4",Queens,"025900","4025900",,Woodside,QN0203,QN02,QN02 Long Island City-Sunnyside-Woodside (CD 2 Approximation),"36081025900","4402",6688.71680898000,2014820.56841000007,"Census Tract 259; Queens County; New York",Asian alone or in combination with one or more other races,"1397"
"267","4",Queens,"026700","4026700",,Elmhurst,QN0401,QN04,QN04 Elmhurst-Corona (CD 4 Approximation),"36081026700","4404",6365.40691983000,2256191.11672999989,"Census Tract 267; Queens County; New York",Asian alone or in combination with one or more other races,"2782"
"269.01","4",Queens,"026901","4026901",,Elmhurst,QN0401,QN04,QN04 Elmhurst-Corona (CD 4 Approximation),"36081026901","4404",5493.25299194000,1230343.79658999993,"Census Tract 269.01; Queens County; New York",Asian alone or in combination with one or more other races,"1486"
"269.02","4",Queens,"026902","4026902",,Elmhurst,QN0401,QN04,QN04 Elmhurst-Corona (CD 4 Approximation),"36081026902","4404",3699.99242626000,844998.01391300000,"Census Tract 269.02; Queens County; New York",Asian alone or in combination with one or more other races,"2150"
"271.01","4",Queens,"027101","4027101",,Elmhurst,QN0401,QN04,QN04 Elmhurst-Corona (CD 4 Approximation),"36081027101","4404",4342.27583234000,967871.94160200004,"Census Tract 271.01; Queens County; New York",Asian alone or in combination with one or more other races,"3275"
"279","4",Queens,"027900","4027900",,Jackson Heights,QN0301,QN03,QN03 Jackson Heights-East Elmhurst (CD 3 Approximation),"36081027900","4403",7392.18222643000,1913241.98974999995,,,
"281","4",Queens,"028100","4028100",,Jackson Heights,QN0301,QN03,QN03 Jackson Heights-East Elmhurst (CD 3 Approximation),"36081028100","4403",7391.19930172000,1877449.65647000005,,,
"283","4",Queens,"028300","4028300",,Jackson Heights,QN0301,QN03,QN03 Jackson Heights-East Elmhurst (CD 3 Approximation),"36081028300","4403",7388.43638066000,1913172.77775999997,"Census Tract 283; Queens County; New York",Asian alone or in combination with one or more other races,"1274"
"285","4",Queens,"028500","4028500",,Jackson Heights,QN0301,QN03,QN03 Jackson Heights-East Elmhurst (CD 3 Approximation),"36081028500","4403",7390.11435232000,1701419.41686000000,,,
"287","4",Queens,"028700","4028700",,Jackson Heights,QN0301,QN03,QN03 Jackson Heights-East Elmhurst (CD 3 Approximation),"36081028700","4403",7939.87237985000,2104677.73699000012,"Census Tract 287; Queens County; New York",Asian alone or in combination with one or more other races,"2189"
"289","4",Queens,"028900","4028900",,Jackson Heights,QN0301,QN03,QN03 Jackson Heights-East Elmhurst (CD 3 Approximation),"36081028900","4403",7304.22002246000,1859020.47818999994,"Census Tract 289; Queens County; New York",Asian alone or in combination with one or more other races,"1791"
"473","4",Queens,"047300","4047300",,Elmhurst,QN0401,QN04,QN04 Elmhurst-Corona (CD 4 Approximation),"36081047300","4404",7228.94640036000,2136377.20740999980,"Census Tract 473; Queens County; New York",Asian alone or in combination with one or more other races,"3090"
"481","4",Queens,"048100","4048100",,Elmhurst,QN0401,QN04,QN04 Elmhurst-Corona (CD 4 Approximation),"36081048100","4404",5593.24966948000,1496567.82633999991,"Census Tract 481; Queens County; New York",Asian alone or in combination with one or more other races,"3986"
"493.01","4",Queens,"049301","4049301",,Maspeth,QN0501,QN05,QN05 Ridgewood-Maspeth-Middle Village (CD 5 Approximation),"36081049301","4405",6327.55402236000,1764042.71900000004,"Census Tract 493.01; Queens County; New York",Asian alone or in combination with one or more other races,"807"
"493.02","4",Queens,"049302","4049302",,Maspeth,QN0501,QN05,QN05 Ridgewood-Maspeth-Middle Village (CD 5 Approximation),"36081049302","4405",8787.08074378000,2896925.43393999990,"Census Tract 493.02; Queens County; New York",Asian alone or in combination with one or more other races,"909"
"497","4",Queens,"049700","4049700",,Maspeth,QN0501,QN05,QN05 Ridgewood-Maspeth-Middle Village (CD 5 Approximation),"36081049700","4405",6140.53988240000,2129377.45016000001,"Census Tract 497; Queens County; New York",Asian alone or in combination with one or more other races,"903"
"561","4",Queens,"056100","4056100",,Highland Park-Cypress Hills Cemeteries (North),QN0574,QN05,QN05 Ridgewood-Maspeth-Middle Village (CD 5 Approximation),"36081056100","4405",33067.82702700000,31227050.00719999894,,,
"585","4",Queens,"058500","4058500",,Ridgewood,QN0502,QN05,QN05 Ridgewood-Maspeth-Middle Village (CD 5 Approximation),"36081058500","4405",5622.54718644000,1842457.05747999996,,,
"587","4",Queens,"058700","4058700",,Ridgewood,QN0502,QN05,QN05 Ridgewood-Maspeth-Middle Village (CD 5 Approximation),"36081058700","4405",5093.74821868000,1549455.35177000007,,,
"589","4",Queens,"058900","4058900",,Ridgewood,QN0502,QN05,QN05 Ridgewood-Maspeth-Middle Village (CD 5 Approximation),"36081058900","4405",5626.45011681000,1780244.68861999991,,,
"593","4",Queens,"059300","4059300",,Ridgewood,QN0502,QN05,QN05 Ridgewood-Maspeth-Middle Village (CD 5 Approximation),"36081059300","4405",7184.62125837000,2719007.54082999984,,,
"849.02","4",Queens,"084902","4084902",,Flushing-Willets Point,QN0707,QN07,QN07 Flushing-Murray Hill-Whitestone (CD 7 Approximation),"36081084902","4407",4747.23175506000,1071584.32250000001,"Census Tract 849.02; Queens County; New York",Asian alone or in combination with one or more other races,"3446"
"865","4",Queens,"086500","4086500",,Flushing-Willets Point,QN0707,QN07,QN07 Flushing-Murray Hill-Whitestone (CD 7 Approximation),"36081086500","4407",5179.00666375000,1702759.70912000001,"Census Tract 865; Queens County; New York",Asian alone or in combination with one or more other races,"3035"
"869","4",Queens,"086900","4086900",,Flushing-Willets Point,QN0707,QN07,QN07 Flushing-Murray Hill-Whitestone (CD 7 Approximation),"36081086900","4407",12114.34159620000,6618402.90741000045,"Census Tract 869; Queens County; New York",Asian alone or in combination with one or more other races,"1462"
"871","4",Queens,"087100","4087100",,Flushing-Willets Point,QN0707,QN07,QN07 Flushing-Murray Hill-Whitestone (CD 7 Approximation),"36081087100","4407",11880.19784370000,4757781.66794000007,"Census Tract 871; Queens County; New York",Asian alone or in combination with one or more other races,"2490"
"889.02","4",Queens,"088902","4088902",,Flushing-Willets Point,QN0707,QN07,QN07 Flushing-Murray Hill-Whitestone (CD 7 Approximation),"36081088902","4407",8281.57299186000,3109873.95264999988,"Census Tract 889.02; Queens County; New York",Asian alone or in combination with one or more other races,"3149"
"1147","4",Queens,"114700","4114700",,Murray Hill-Broadway Flushing,QN0704,QN07,QN07 Flushing-Murray Hill-Whitestone (CD 7 Approximation),"36081114700","4407",7549.65048986000,3311049.74796999991,"Census Tract 1147; Queens County; New York",Asian alone or in combination with one or more other races,"754"
"1151","4",Queens,"115100","4115100",,Murray Hill-Broadway Flushing,QN0704,QN07,QN07 Flushing-Murray Hill-Whitestone (CD 7 Approximation),"36081115100","4407",7209.91991820000,3190090.11297000013,"Census Tract 1151; Queens County; New York",Asian alone or in combination with one or more other races,"316"
"1155","4",Queens,"115500","4115500",,Murray Hill-Broadway Flushing,QN0704,QN07,QN07 Flushing-Murray Hill-Whitestone (CD 7 Approximation),"36081115500","4407",7465.35765638000,2013039.54765999992,"Census Tract 1155; Queens County; New York",Asian alone or in combination with one or more other races,"1022"
"1157","4",Queens,"115700","4115700",,Murray Hill-Broadway Flushing,QN0704,QN07,QN07 Flushing-Murray Hill-Whitestone (CD 7 Approximation),"36081115700","4407",7983.88419613000,3386397.36788999988,"Census Tract 1157; Queens County; New York",Asian alone or in combination with one or more other races,"1844"
"1161","4",Queens,"116100","4116100",,Flushing-Willets Point,QN0707,QN07,QN07 Flushing-Murray Hill-Whitestone (CD 7 Approximation),"36081116100","4407",6229.47062446000,1891158.36838999996,"Census Tract 1161; Queens County; New York",Asian alone or in combination with one or more other races,"2953"
"1171","4",Queens,"117100","4117100",,Murray Hill-Broadway Flushing,QN0704,QN07,QN07 Flushing-Murray Hill-Whitestone (CD 7 Approximation),"36081117100","4407",9896.06007683000,4280909.67777999956,"Census Tract 1171; Queens County; New York",Asian alone or in combination with one or more other races,"1436"
"1185","4",Queens,"118500","4118500",,East Flushing,QN0705,QN07,QN07 Flushing-Murray Hill-Whitestone (CD 7 Approximation),"36081118500","4407",7880.47769096000,1665902.06673999992,"Census Tract 1185; Queens County; New York",Asian alone or in combination with one or more other races,"793"
"1187","4",Queens,"118700","4118700",,East Flushing,QN0705,QN07,QN07 Flushing-Murray Hill-Whitestone (CD 7 Approximation),"36081118700","4407",6293.04559797000,2015272.43684000010,"Census Tract 1187; Queens County; New York",Asian alone or in combination with one or more other races,"1541"
"38","1",Manhattan,"003800","1003800",,East Village,MN0303,MN03,MN03 Lower East Side-Chinatown (CD 3 Equivalent),"36061003800","4103",5840.78675497000,2180047.43844000017,,,
"15.02","1",Manhattan,"001502","1001502",,Financial District-Battery Park City,MN0101,MN01,MN01 Financial District-Tribeca (CD 1 Equivalent),"36061001502","4121",10826.35468160000,2245047.48848999990,"Census Tract 15.02; New York County; New York",Asian alone or in combination with one or more other races,"1942"
"581","4",Queens,"058100","4058100",,Ridgewood,QN0502,QN05,QN05 Ridgewood-Maspeth-Middle Village (CD 5 Approximation),"36081058100","4405",5661.30458616000,1549676.31780999992,,,
"479","4",Queens,"047900","4047900",,Elmhurst,QN0401,QN04,QN04 Elmhurst-Corona (CD 4 Approximation),"36081047900","4404",11694.37731100000,4238221.04674000014,"Census Tract 479; Queens County; New York",Asian alone or in combination with one or more other races,"4245"
"16","1",Manhattan,"001600","1001600",,Chinatown-Two Bridges,MN0301,MN03,MN03 Lower East Side-Chinatown (CD 3 Equivalent),"36061001600","4103",6391.74464441000,2232591.52567999996,"Census Tract 16; New York County; New York",Asian alone or in combination with one or more other races,"6149"
"12","1",Manhattan,"001200","1001200",,Lower East Side,MN0302,MN03,MN03 Lower East Side-Chinatown (CD 3 Equivalent),"36061001200","4103",5462.92435588000,1298211.21724999999,"Census Tract 12; New York County; New York",Asian alone or in combination with one or more other races,"774"
"263","4",Queens,"026300","4026300",,Woodside,QN0203,QN02,QN02 Long Island City-Sunnyside-Woodside (CD 2 Approximation),"36081026300","4402",6217.15726356000,2242333.58968000021,"Census Tract 263; Queens County; New York",Asian alone or in combination with one or more other races,"3095"
"485","4",Queens,"048500","4048500",,Elmhurst,QN0401,QN04,QN04 Elmhurst-Corona (CD 4 Approximation),"36081048500","4404",10984.90710060000,3415647.86502999999,"Census Tract 485; Queens County; New York",Asian alone or in combination with one or more other races,"3074"
"265.02","4",Queens,"026502","4026502",,Woodside,QN0203,QN02,QN02 Long Island City-Sunnyside-Woodside (CD 2 Approximation),"36081026502","4402",4334.86778143000,752238.18654300005,,,
"265.01","4",Queens,"026501","4026501",,Elmhurst,QN0401,QN04,QN04 Elmhurst-Corona (CD 4 Approximation),"36081026501","4404",5367.00841448000,1155418.73160999990,"Census Tract 265.01; Queens County; New York",Asian alone or in combination with one or more other races,"1778"
"483.01","4",Queens,"048301","4048301",,Elmhurst,QN0401,QN04,QN04 Elmhurst-Corona (CD 4 Approximation),"36081048301","4404",3915.73641713000,931227.03061300004,"Census Tract 483.01; Queens County; New York",Asian alone or in combination with one or more other races,"1318"
"635","4",Queens,"063500","4063500",,Glendale,QN0503,QN05,QN05 Ridgewood-Maspeth-Middle Village (CD 5 Approximation),"36081063500","4405",6161.50543231000,2039753.49314999999,,,
"471","4",Queens,"047100","4047100",,Elmhurst,QN0401,QN04,QN04 Elmhurst-Corona (CD 4 Approximation),"36081047100","4404",5796.06775897000,1692064.80596000003,"Census Tract 471; Queens County; New York",Asian alone or in combination with one or more other races,"3282"
"249","4",Queens,"024900","4024900",,Woodside,QN0203,QN02,QN02 Long Island City-Sunnyside-Woodside (CD 2 Approximation),"36081024900","4402",5899.22586119000,2196907.25070999982,"Census Tract 249; Queens County; New York",Asian alone or in combination with one or more other races,"2329"
"261","4",Queens,"026100","4026100",,Woodside,QN0203,QN02,QN02 Long Island City-Sunnyside-Woodside (CD 2 Approximation),"36081026100","4402",6592.53136525000,2384003.70179999992,"Census Tract 261; Queens County; New York",Asian alone or in combination with one or more other races,"3402"
"853","4",Queens,"085300","4085300",,Flushing-Willets Point,QN0707,QN07,QN07 Flushing-Murray Hill-Whitestone (CD 7 Approximation),"36081085300","4407",7933.21419116000,2102465.73316999990,"Census Tract 853; Queens County; New York",Asian alone or in combination with one or more other races,"4937"
"855","4",Queens,"085500","4085500",,Flushing-Willets Point,QN0707,QN07,QN07 Flushing-Murray Hill-Whitestone (CD 7 Approximation),"36081085500","4407",4829.54780050000,1405499.92247000011,"Census Tract 855; Queens County; New York",Asian alone or in combination with one or more other races,"4576"
"1167","4",Queens,"116700","4116700",,Murray Hill-Broadway Flushing,QN0704,QN07,QN07 Flushing-Murray Hill-Whitestone (CD 7 Approximation),"36081116700","4407",6703.87300596000,1787963.29166000010,"Census Tract 1167; Queens County; New York",Asian alone or in combination with one or more other races,"1391"
"185","1",Manhattan,"018500","1018500",,Upper West Side-Manhattan Valley,MN0703,MN07,MN07 Upper West Side (CD 7 Approximation),"36061018500","4107",5169.48479389000,1406208.06062999996,,,
"229","4",Queens,"022900","4022900",,Calvary & Mount Zion Cemeteries,QN0271,QN02,QN02 Long Island City-Sunnyside-Woodside (CD 2 Approximation),"36081022900","4402",22214.07927550000,14291820.01950000040,,,
"137","1",Manhattan,"013700","1013700",,Midtown-Times Square,MN0502,MN05,MN05 Midtown-Flatiron-Union Square (CD 5 Approximation),"36061013700","4165",6254.84408354000,2434387.92433999991,,,
"139","1",Manhattan,"013900","1013900",,Hell's Kitchen,MN0402,MN04,MN04 Chelsea-Hell's Kitchen (CD 4 Approximation),"36061013900","4104",5774.68293529000,1954943.59022999997,,,
"7","1",Manhattan,"000700","1000700",,Financial District-Battery Park City,MN0101,MN01,MN01 Financial District-Tribeca (CD 1 Equivalent),"36061000700","4121",9763.04258001000,2439446.11691999994,,,
"9","1",Manhattan,"000900","1000900",,Financial District-Battery Park City,MN0101,MN01,MN01 Financial District-Tribeca (CD 1 Equivalent),"36061000900","4121",16486.61610050000,3130256.31668999977,"Census Tract 9; New York County; New York",Asian alone or in combination with one or more other races,"459"
"30.01","1",Manhattan,"003001","1003001",,Lower East Side,MN0302,MN03,MN03 Lower East Side-Chinatown (CD 3 Equivalent),"36061003001","4103",4774.16344958000,1330481.61765999999,,,
"59","1",Manhattan,"005900","1005900",,Greenwich Village,MN0202,MN02,MN02 Greenwich Village-SoHo (CD 2 Equivalent),"36061005900","4121",5280.10250184000,1250316.20744000003,"Census Tract 59; New York County; New York",Asian alone or in combination with one or more other races,"745"
"61","1",Manhattan,"006100","1006100",,Greenwich Village,MN0202,MN02,MN02 Greenwich Village-SoHo (CD 2 Equivalent),"36061006100","4121",5022.82231991000,1528504.22528999997,"Census Tract 61; New York County; New York",Asian alone or in combination with one or more other races,"1194"
"106.01","1",Manhattan,"010601","1010601",,East Midtown-Turtle Bay,MN0604,MN06,MN06 East Midtown-Murray Hill (CD 6 Approximation),"36061010601","4165",4905.65389981000,1313234.83746999991,,,
"128","1",Manhattan,"012800","1012800",,Upper East Side-Carnegie Hill,MN0802,MN08,MN08 Upper East Side-Roosevelt Island (CD 8 Equivalent),"36061012800","4108",5818.32043961000,1924402.67751000007,,,
"47","1",Manhattan,"004700","1004700",,SoHo-Little Italy-Hudson Square,MN0201,MN02,MN02 Greenwich Village-SoHo (CD 2 Equivalent),"36061004700","4121",5987.20965306000,1780551.10593000008,,,
"49","1",Manhattan,"004900","1004900",,SoHo-Little Italy-Hudson Square,MN0201,MN02,MN02 Greenwich Village-SoHo (CD 2 Equivalent),"36061004900","4121",6676.60586579000,2226124.32264999999,,,
"110","1",Manhattan,"011000","1011000",,Upper East Side-Lenox Hill-Roosevelt Island,MN0801,MN08,MN08 Upper East Side-Roosevelt Island (CD 8 Equivalent),"36061011000","4108",5522.49278144000,1901324.29031999991,,,
"30.02","1",Manhattan,"003002","1003002",,East Village,MN0303,MN03,MN03 Lower East Side-Chinatown (CD 3 Equivalent),"36061003002","4103",4045.16613839000,841097.86763500003,,,
"179","1",Manhattan,"017900","1017900",,Upper West Side (Central),MN0702,MN07,MN07 Upper West Side (CD 7 Approximation),"36061017900","4107",6438.49081547000,2278484.15436000004,,,
"183","1",Manhattan,"018300","1018300",,Upper West Side (Central),MN0702,MN07,MN07 Upper West Side (CD 7 Approximation),"36061018300","4107",6592.53533538000,2391021.04184000008,,,
"56","1",Manhattan,"005600","1005600",,Midtown South-Flatiron-Union Square,MN0501,MN05,MN05 Midtown-Flatiron-Union Square (CD 5 Approximation),"36061005600","4165",5723.84052937000,1878253.48965999996,,,
"74","1",Manhattan,"007400","1007400",,Midtown South-Flatiron-Union Square,MN0501,MN05,MN05 Midtown-Flatiron-Union Square (CD 5 Approximation),"36061007400","4165",5726.15764943000,1879420.44891000004,,,
"25","1",Manhattan,"002500","1002500",,Chinatown-Two Bridges,MN0301,MN03,MN03 Lower East Side-Chinatown (CD 3 Equivalent),"36061002500","4103",4702.67541930000,1408269.91442999989,"Census Tract 25; New York County; New York",Asian alone or in combination with one or more other races,"1832"
"19.03","4",Queens,"001903","4001903",,Long Island City-Hunters Point,QN0201,QN02,QN02 Long Island City-Sunnyside-Woodside (CD 2 Approximation),"36081001903","4402",8996.08960115000,5010495.41951000039,,,
"33.01","4",Queens,"003301","4003301",,Queensbridge-Ravenswood-Dutch Kills,QN0105,QN01,QN01 Astoria-Queensbridge (CD 1 Equivalent),"36081003301","4401",7817.74701257000,2066862.12621999998,"Census Tract 33.01; Queens County; New York",Asian alone or in combination with one or more other races,"979"
"115","1",Manhattan,"011500","1011500",,Hell's Kitchen,MN0402,MN04,MN04 Chelsea-Hell's Kitchen (CD 4 Approximation),"36061011500","4104",5697.55368139000,1889849.28657000000,"Census Tract 115; New York County; New York",Asian alone or in combination with one or more other races,"1034"
"3","5",Staten Island,"000300","5000300",,St. George-New Brighton,SI0101,SI01,SI01 North Shore (CD 1 Equivalent),"36085000300","4501",16590.28438110000,4116728.66464000009,,,
"7","5",Staten Island,"000700","5000700",,St. George-New Brighton,SI0101,SI01,SI01 North Shore (CD 1 Equivalent),"36085000700","4501",11383.80054330000,5500140.82691999990,,,
"9","5",Staten Island,"000900","5000900",,St. George-New Brighton,SI0101,SI01,SI01 North Shore (CD 1 Equivalent),"36085000900","4501",7729.01672908000,2497009.68387999991,,,
"11","5",Staten Island,"001100","5001100",,St. George-New Brighton,SI0101,SI01,SI01 North Shore (CD 1 Equivalent),"36085001100","4501",8675.07888027000,3496829.93843000010,,,
"17","5",Staten Island,"001700","5001700",,Tompkinsville-Stapleton-Clifton-Fox Hills,SI0102,SI01,SI01 North Shore (CD 1 Equivalent),"36085001700","4501",7691.39834998000,3295780.60300000012,,,
"47","5",Staten Island,"004700","5004700",,West New Brighton-Silver Lake-Grymes Hill,SI0104,SI01,SI01 North Shore (CD 1 Equivalent),"36085004700","4501",14722.92559720000,9615341.41135000065,,,
"81","5",Staten Island,"008100","5008100",,St. George-New Brighton,SI0101,SI01,SI01 North Shore (CD 1 Equivalent),"36085008100","4501",12672.51379390000,8222204.04212999903,,,
"97.01","5",Staten Island,"009701","5009701",,West New Brighton-Silver Lake-Grymes Hill,SI0104,SI01,SI01 North Shore (CD 1 Equivalent),"36085009701","4501",19778.05851260000,7426370.73979000095,,,
"97.02","5",Staten Island,"009702","5009702",,Snug Harbor,SI0191,SI01,SI01 North Shore (CD 1 Equivalent),"36085009702","4501",9028.40294905000,3768355.17542000022,,,
"169.01","5",Staten Island,"016901","5016901",,Westerleigh-Castleton Corners,SI0105,SI01,SI01 North Shore (CD 1 Equivalent),"36085016901","4501",16200.51024860000,8793357.85525999963,,,
"177.01","5",Staten Island,"017701","5017701",,Todt Hill-Emerson Hill-Lighthouse Hill-Manor Heights,SI0203,SI02,SI02 Mid-Island (CD 2 Approximation),"36085017701","4502",29090.19352700000,31761506.29899999872,,,
"35","3",Brooklyn,"003500","3003500",,Fort Greene,BK0203,BK02,BK02 Downtown Brooklyn-Fort Greene (CD 2 Approximation),"36047003500","4302",5043.32551366000,1433175.22982000001,,,
"74","3",Brooklyn,"007400","3007400",,Sunset Park (West),BK0702,BK07,BK07 Sunset Park-Windsor Terrace (CD 7 Approximation),"36047007400","4307",5037.19506068000,1545780.63256999990,"Census Tract 74; Kings County; New York",Asian alone or in combination with one or more other races,"1671"
"76","3",Brooklyn,"007600","3007600",,Sunset Park (West),BK0702,BK07,BK07 Sunset Park-Windsor Terrace (CD 7 Approximation),"36047007600","4307",4980.04751353000,1510401.70983999991,"Census Tract 76; Kings County; New York",Asian alone or in combination with one or more other races,"1226"
"84","3",Brooklyn,"008400","3008400",,Sunset Park (West),BK0702,BK07,BK07 Sunset Park-Windsor Terrace (CD 7 Approximation),"36047008400","4307",6552.05577988000,2650333.41121000005,,,
"88","3",Brooklyn,"008800","3008800",,Sunset Park (Central),BK0703,BK07,BK07 Sunset Park-Windsor Terrace (CD 7 Approximation),"36047008800","4307",5710.97898764000,2019986.01821999997,,,
"98","3",Brooklyn,"009800","3009800",,Sunset Park (Central),BK0703,BK07,BK07 Sunset Park-Windsor Terrace (CD 7 Approximation),"36047009800","4307",5203.97932759000,1625498.58162000007,"Census Tract 98; Kings County; New York",Asian alone or in combination with one or more other races,"2589"
"100","3",Brooklyn,"010000","3010000",,Sunset Park (Central),BK0703,BK07,BK07 Sunset Park-Windsor Terrace (CD 7 Approximation),"36047010000","4307",5203.43437874000,1625060.60825999989,"Census Tract 100; Kings County; New York",Asian alone or in combination with one or more other races,"2840"
"102","3",Brooklyn,"010200","3010200",,Sunset Park (Central),BK0703,BK07,BK07 Sunset Park-Windsor Terrace (CD 7 Approximation),"36047010200","4307",5223.37845092000,1640687.82770000002,"Census Tract 102; Kings County; New York",Asian alone or in combination with one or more other races,"3434"
"104.01","3",Brooklyn,"010401","3010401",,Sunset Park (Central),BK0703,BK07,BK07 Sunset Park-Windsor Terrace (CD 7 Approximation),"36047010401","4307",3662.09282647000,819191.31120400003,"Census Tract 104.01; Kings County; New York",Asian alone or in combination with one or more other races,"2084"
"104.02","3",Brooklyn,"010402","3010402",,Sunset Park (East)-Borough Park (West),BK1201,BK12,BK12 Borough Park-Kensington (CD 12 Approximation),"36047010402","4312",3661.85833701000,820199.58795800002,"Census Tract 104.02; Kings County; New York",Asian alone or in combination with one or more other races,"1893"
"106.01","3",Brooklyn,"010601","3010601",,Sunset Park (Central),BK0703,BK07,BK07 Sunset Park-Windsor Terrace (CD 7 Approximation),"36047010601","4307",3642.83269420000,811933.33749099995,"Census Tract 106.01; Kings County; New York",Asian alone or in combination with one or more other races,"2065"
"106.02","3",Brooklyn,"010602","3010602",,Sunset Park (East)-Borough Park (West),BK1201,BK12,BK12 Borough Park-Kensington (CD 12 Approximation),"36047010602","4312",3643.32693663000,812851.24408900004,"Census Tract 106.02; Kings County; New York",Asian alone or in combination with one or more other races,"2054"
"108.01","3",Brooklyn,"010801","3010801",,Sunset Park (Central),BK0703,BK07,BK07 Sunset Park-Windsor Terrace (CD 7 Approximation),"36047010801","4307",3643.77041834000,812575.70811400004,"Census Tract 108.01; Kings County; New York",Asian alone or in combination with one or more other races,"1428"
"108.02","3",Brooklyn,"010802","3010802",,Sunset Park (East)-Borough Park (West),BK1201,BK12,BK12 Borough Park-Kensington (CD 12 Approximation),"36047010802","4312",3642.86936662000,812274.03521300002,"Census Tract 108.02; Kings County; New York",Asian alone or in combination with one or more other races,"1872"
"114","3",Brooklyn,"011400","3011400",,Sunset Park (East)-Borough Park (West),BK1201,BK12,BK12 Borough Park-Kensington (CD 12 Approximation),"36047011400","4312",5462.28148165000,1806159.21423999988,"Census Tract 114; Kings County; New York",Asian alone or in combination with one or more other races,"966"
"116","3",Brooklyn,"011600","3011600",,Sunset Park (East)-Borough Park (West),BK1201,BK12,BK12 Borough Park-Kensington (CD 12 Approximation),"36047011600","4312",5869.31686044000,1724997.62657000008,"Census Tract 116; Kings County; New York",Asian alone or in combination with one or more other races,"2822"
"118","3",Brooklyn,"011800","3011800",,Sunset Park (Central),BK0703,BK07,BK07 Sunset Park-Windsor Terrace (CD 7 Approximation),"36047011800","4307",7951.28547705000,2357119.58953000000,"Census Tract 118; Kings County; New York",Asian alone or in combination with one or more other races,"1727"
"122","3",Brooklyn,"012200","3012200",,Sunset Park (Central),BK0703,BK07,BK07 Sunset Park-Windsor Terrace (CD 7 Approximation),"36047012200","4307",5623.94779459000,1951564.98028000002,"Census Tract 122; Kings County; New York",Asian alone or in combination with one or more other races,"2612"
"129.02","3",Brooklyn,"012902","3012902",,Park Slope,BK0602,BK06,BK06 Park Slope-Carroll Gardens (CD 6 Approximation),"36047012902","4306",5892.08168882000,1461597.02429999993,,,
"161","3",Brooklyn,"016100","3016100",,Prospect Heights,BK0801,BK08,BK08 Crown Heights (North) (CD 8 Approximation),"36047016100","4308",6482.69068670000,1964156.72047000006,,,
"163","3",Brooklyn,"016300","3016300",,Prospect Heights,BK0801,BK08,BK08 Crown Heights (North) (CD 8 Approximation),"36047016300","4308",6111.66458687000,1980070.63100000005,,,
"175","3",Brooklyn,"017500","3017500",,Green-Wood Cemetery,BK0771,BK07,BK07 Sunset Park-Windsor Terrace (CD 7 Approximation),"36047017500","4307",18789.02260110000,21101598.40480000153,,,
"179","3",Brooklyn,"017900","3017900",,Fort Greene,BK0203,BK02,BK02 Downtown Brooklyn-Fort Greene (CD 2 Approximation),"36047017900","4302",5330.11555537000,1705006.94733999996,"Census Tract 179; Kings County; New York",Asian alone or in combination with one or more other races,"843"
"453","3",Brooklyn,"045300","3045300",,East Williamsburg,BK0104,BK01,BK01 Williamsburg-Greenpoint (CD 1 Equivalent),"36047045300","4301",8849.88559924000,3440160.21389999986,,,
"143","1",Manhattan,"014300","1014300",,Central Park,MN6491,MN64,MN64 Central Park (JIA 64 Equivalent),"36061014300","4107",32721.09742950000,38312378.79779999703,,,
"483.02","4",Queens,"048302","4048302",,Woodside,QN0203,QN02,QN02 Long Island City-Sunnyside-Woodside (CD 2 Approximation),"36081048302","4402",5921.05012323000,1453031.96757999994,"Census Tract 483.02; Queens County; New York",Asian alone or in combination with one or more other races,"1026"
"245","4",Queens,"024500","4024500",,Woodside,QN0203,QN02,QN02 Long Island City-Sunnyside-Woodside (CD 2 Approximation),"36081024500","4402",7675.54619491000,2774851.73272999981,"Census Tract 245; Queens County; New York",Asian alone or in combination with one or more other races,"1710"
"247","4",Queens,"024700","4024700",,Woodside,QN0203,QN02,QN02 Long Island City-Sunnyside-Woodside (CD 2 Approximation),"36081024700","4402",4675.91047624000,1050662.08085000003,"Census Tract 247; Queens County; New York",Asian alone or in combination with one or more other races,"848"
"88","1",Manhattan,"008800","1008800",,Murray Hill-Kips Bay,MN0603,MN06,MN06 East Midtown-Murray Hill (CD 6 Approximation),"36061008800","4165",5611.10693104000,1929071.60137999989,"Census Tract 88; New York County; New York",Asian alone or in combination with one or more other races,"1924"
"86.02","1",Manhattan,"008602","1008602",,United Nations,MN0661,MN06,MN06 East Midtown-Murray Hill (CD 6 Approximation),"36061008602","4165",5307.39155452000,1091249.97041000007,,,
"613.01","4",Queens,"061301","4061301",,Ridgewood,QN0502,QN05,QN05 Ridgewood-Maspeth-Middle Village (CD 5 Approximation),"36081061301","4405",15855.67459280000,7603813.65055000037,,,
"59.01","5",Staten Island,"005901","5005901",,West New Brighton-Silver Lake-Grymes Hill,SI0104,SI01,SI01 North Shore (CD 1 Equivalent),"36085005901","4501",16730.52744970000,10114541.50430000015,,,
"101","3",Brooklyn,"010100","3010100",,Sunset Park (West),BK0702,BK07,BK07 Sunset Park-Windsor Terrace (CD 7 Approximation),"36047010100","4307",7585.52891418000,3393635.81518999999,,,
"19.02","4",Queens,"001902","4001902",,Long Island City-Hunters Point,QN0201,QN02,QN02 Long Island City-Sunnyside-Woodside (CD 2 Approximation),"36081001902","4402",5659.15661491000,1909109.97601999994,"Census Tract 19.02; Queens County; New York",Asian alone or in combination with one or more other races,"2242"
"475","4",Queens,"047500","4047500",,Elmhurst,QN0401,QN04,QN04 Elmhurst-Corona (CD 4 Approximation),"36081047500","4404",8890.14264304000,3028835.98368000006,"Census Tract 475; Queens County; New York",Asian alone or in combination with one or more other races,"3086"
"147","5",Staten Island,"014700","5014700",,Westerleigh-Castleton Corners,SI0105,SI01,SI01 North Shore (CD 1 Equivalent),"36085014700","4501",18387.21917470000,17978117.84290000051,,,
"8","1",Manhattan,"000800","1000800",,Chinatown-Two Bridges,MN0301,MN03,MN03 Lower East Side-Chinatown (CD 3 Equivalent),"36061000800","4103",6341.12941074000,2377774.57347000018,"Census Tract 8; New York County; New York",Asian alone or in combination with one or more other races,"7775"
"171.01","4",Queens,"017101","4017101",,Sunnyside Yards (South),QN0261,QN02,QN02 Long Island City-Sunnyside-Woodside (CD 2 Approximation),"36081017101","4402",22732.90545630000,8783519.11419999972,,,
"171.02","4",Queens,"017102","4017102",,Sunnyside Yards (North),QN0161,QN01,QN01 Astoria-Queensbridge (CD 1 Equivalent),"36081017102","4401",16111.61148910000,4500282.28954000026,,,
"114.01","1",Manhattan,"011401","1011401",,Upper East Side-Carnegie Hill,MN0802,MN08,MN08 Upper East Side-Roosevelt Island (CD 8 Equivalent),"36061011401","4108",4119.00787879000,1060696.27738000010,,,
"15.01","1",Manhattan,"001501","1001501",,Financial District-Battery Park City,MN0101,MN01,MN01 Financial District-Tribeca (CD 1 Equivalent),"36061001501","4121",9809.17561606000,2955567.68398999982,"Census Tract 15.01; New York County; New York",Asian alone or in combination with one or more other races,"1870"
"29.01","1",Manhattan,"002901","1002901",,Tribeca-Civic Center,MN0102,MN01,MN01 Financial District-Tribeca (CD 1 Equivalent),"36061002901","4121",7354.63686467000,1561370.41705000005,,,
"27","1",Manhattan,"002700","1002700",,Chinatown-Two Bridges,MN0301,MN03,MN03 Lower East Side-Chinatown (CD 3 Equivalent),"36061002700","4103",3691.69524383000,641369.16475700005,"Census Tract 27; New York County; New York",Asian alone or in combination with one or more other races,"972"
"29.02","1",Manhattan,"002902","1002902",,Chinatown-Two Bridges,MN0301,MN03,MN03 Lower East Side-Chinatown (CD 3 Equivalent),"36061002902","4103",5079.32928722000,1327605.15436999989,"Census Tract 29.02; New York County; New York",Asian alone or in combination with one or more other races,"3507"
"245","1",Manhattan,"024500","1024500",,Washington Heights (South),MN1201,MN12,MN12 Washington Heights-Inwood (CD 12 Equivalent),"36061024500","4112",6448.51664749000,2284357.75798000023,,,
"291","4",Queens,"029100","4029100",,Jackson Heights,QN0301,QN03,QN03 Jackson Heights-East Elmhurst (CD 3 Approximation),"36081029100","4403",7509.23050068000,2813950.59446999989,"Census Tract 291; Queens County; New York",Asian alone or in combination with one or more other races,"3897"
"381","2",Bronx,"038100","2038100",,Mount Hope,BX0502,BX05,BX05 Morris Heights-Mount Hope (CD 5 Approximation),"36005038100","4205",6821.68419728000,1623054.77206999995,,,
"98","1",Manhattan,"009800","1009800",,East Midtown-Turtle Bay,MN0604,MN06,MN06 East Midtown-Murray Hill (CD 6 Approximation),"36061009800","4165",5534.31984616000,1906396.56071000011,,,
"86.03","1",Manhattan,"008603","1008603",,East Midtown-Turtle Bay,MN0604,MN06,MN06 East Midtown-Murray Hill (CD 6 Approximation),"36061008603","4165",4947.76621560000,1252406.90818000003,,,
"90","1",Manhattan,"009000","1009000",,East Midtown-Turtle Bay,MN0604,MN06,MN06 East Midtown-Murray Hill (CD 6 Approximation),"36061009000","4165",5530.99323190000,1882584.35324000008,,,
"237.03","2",Bronx,"023703","2023703",,Fordham Heights,BX0503,BX05,BX05 Morris Heights-Mount Hope (CD 5 Approximation),"36005023703","4205",4924.11199283000,1071852.08422000008,,,
"317.04","1",Manhattan,"031704","1031704",,Financial District-Battery Park City,MN0101,MN01,MN01 Financial District-Tribeca (CD 1 Equivalent),"36061031704","4121",9120.55316084000,2411839.49232999980,"Census Tract 317.04; New York County; New York",Asian alone or in combination with one or more other races,"3014"
"13","1",Manhattan,"001300","1001300",,Financial District-Battery Park City,MN0101,MN01,MN01 Financial District-Tribeca (CD 1 Equivalent),"36061001300","4121",8814.23648489000,3413079.23357999977,"Census Tract 13; New York County; New York",Asian alone or in combination with one or more other races,"1341"
"21","1",Manhattan,"002100","1002100",,Tribeca-Civic Center,MN0102,MN01,MN01 Financial District-Tribeca (CD 1 Equivalent),"36061002100","4121",6740.33241512000,2560061.41981999995,,,
"241","1",Manhattan,"024100","1024100",,Washington Heights (South),MN1201,MN12,MN12 Washington Heights-Inwood (CD 12 Equivalent),"36061024100","4112",6466.01157963000,1909667.10648000007,,,
"247","1",Manhattan,"024700","1024700",,Washington Heights (South),MN1201,MN12,MN12 Washington Heights-Inwood (CD 12 Equivalent),"36061024700","4112",6989.39518657000,2731880.53432000009,,,
"633.01","4",Queens,"063301","4063301",,Glendale,QN0503,QN05,QN05 Ridgewood-Maspeth-Middle Village (CD 5 Approximation),"36081063301","4405",5604.76508543000,1452390.75288000004,,,
"633.02","4",Queens,"063302","4063302",,Glendale,QN0503,QN05,QN05 Ridgewood-Maspeth-Middle Village (CD 5 Approximation),"36081063302","4405",6411.41462321000,1490799.01913999999,,,
"21","5",Staten Island,"002100","5002100",,Tompkinsville-Stapleton-Clifton-Fox Hills,SI0102,SI01,SI01 North Shore (CD 1 Equivalent),"36085002100","4501",20574.73725590000,9292914.51658999920,,,
"42","1",Manhattan,"004200","1004200",,East Village,MN0303,MN03,MN03 Lower East Side-Chinatown (CD 3 Equivalent),"36061004200","4103",5674.32124202000,936398.93987000000,"Census Tract 42; New York County; New York",Asian alone or in combination with one or more other races,"1421"
"57","1",Manhattan,"005700","1005700",,Greenwich Village,MN0202,MN02,MN02 Greenwich Village-SoHo (CD 2 Equivalent),"36061005700","4121",4762.73550026000,1153607.13497000001,,,
"449.02","3",Brooklyn,"044902","3044902",,East Williamsburg,BK0104,BK01,BK01 Williamsburg-Greenpoint (CD 1 Equivalent),"36047044902","4301",32966.32592290001,18813945.25970000029,,,
"641.02","4",Queens,"064102","4064102",,Forest Park,QN8291,QN82,QN82 Forest Park (JIA 82 Approximation),"36081064102","4409",29485.12453860000,24009736.07349999994,,,
"2","3",Brooklyn,"000200","3000200",,Sunset Park (West),BK0702,BK07,BK07 Sunset Park-Windsor Terrace (CD 7 Approximation),"36047000200","4307",9075.28512120000,2952085.22067999979,,,
"18.02","3",Brooklyn,"001802","3001802",,Sunset Park (West),BK0702,BK07,BK07 Sunset Park-Windsor Terrace (CD 7 Approximation),"36047001802","4307",17353.14043870000,6395102.62662999891,,,
"6","1",Manhattan,"000600","1000600",,Chinatown-Two Bridges,MN0301,MN03,MN03 Lower East Side-Chinatown (CD 3 Equivalent),"36061000600","4103",7017.48575239000,2596942.03710999992,"Census Tract 6; New York County; New York",Asian alone or in combination with one or more other races,"5425"
"447","3",Brooklyn,"044700","3044700",,Bushwick (West),BK0401,BK04,BK04 Bushwick (CD 4 Equivalent),"36047044700","4304",5524.51648581000,1752244.60085000005,,,
"539.01","4",Queens,"053901","4053901",,Ridgewood,QN0502,QN05,QN05 Ridgewood-Maspeth-Middle Village (CD 5 Approximation),"36081053901","4405",10954.46189060000,4743330.75337999966,"Census Tract 539.01; Queens County; New York",Asian alone or in combination with one or more other races,"997"
