BoroCode,BoroName,NTA2020,CDTA2020,GEOID,Asian Alone - ACSDT5YSPT2021.B01003-Data_NAME,Asian Alone - ACSDT5YSPT2021.B01003-Data_POPGROUP_LABEL,Asian Alone - ACSDT5YSPT2021.B01003-Data_Total_pop
"1",Manhattan,MN0603,MN06,"36061007200",,,
"1",Manhattan,MN0501,MN05,"36061007600","Census Tract 76; New York County; New York",Asian alone or in combination with one or more other races,"828"
"1",Manhattan,MN0401,MN04,"36061009100",,,
"1",Manhattan,MN0502,MN05,"36061011202",,,
"1",Manhattan,MN0802,MN08,"36061012000",,,
"4",Queens,QN0707,QN07,"36081086900","Census Tract 869; Queens County; New York",Asian alone or in combination with one or more other races,"1462"
"4",Queens,QN0704,QN07,"36081117100","Census Tract 1171; Queens County; New York",Asian alone or in combination with one or more other races,"1436"
"4",Queens,QN0707,QN07,"36081085300","Census Tract 853; Queens County; New York",Asian alone or in combination with one or more other races,"4937"
"5",Staten Island,SI0105,SI01,"36085016901",,,
