CTLabel,BoroCode,BoroName,CT2020,BoroCT2020,CDEligibil,NTAName,NTA2020,CDTA2020,CDTANAME,GEOID,PUMA,Shape_Leng,Shape_Area,Asian Alone - ACSDT5YSPT2021.B01003-Data_NAME,Asian Alone - ACSDT5YSPT2021.B01003-Data_POPGROUP_LABEL,Asian Alone - ACSDT5YSPT2021.B01003-Data_Total_pop
"31","1",Manhattan,"003100","1003100",,Tribeca-Civic Center,MN0102,MN01,MN01 Financial District-Tribeca (CD 1 Equivalent),"36061003100","4121",7967.86702864000,2207015.17474000016,"Census Tract 31; New York County; New York",Asian alone or in combination with one or more other races,"770"
"33","1",Manhattan,"003300","1003300",,Tribeca-Civic Center,MN0102,MN01,MN01 Financial District-Tribeca (CD 1 Equivalent),"36061003300","4121",8170.75642439000,3677727.61843999987,,,
"3","5",Staten Island,"000300","5000300",,St. George-New Brighton,SI0101,SI01,SI01 North Shore (CD 1 Equivalent),"36085000300","4501",16590.28438110000,4116728.66464000009,,,
"7","5",Staten Island,"000700","5000700",,St. George-New Brighton,SI0101,SI01,SI01 North Shore (CD 1 Equivalent),"36085000700","4501",11383.80054330000,5500140.82691999990,,,
"9","5",Staten Island,"000900","5000900",,St. George-New Brighton,SI0101,SI01,SI01 North Shore (CD 1 Equivalent),"36085000900","4501",7729.01672908000,2497009.68387999991,,,
"11","5",Staten Island,"001100","5001100",,St. George-New Brighton,SI0101,SI01,SI01 North Shore (CD 1 Equivalent),"36085001100","4501",8675.07888027000,3496829.93843000010,,,
"17","5",Staten Island,"001700","5001700",,Tompkinsville-Stapleton-Clifton-Fox Hills,SI0102,SI01,SI01 North Shore (CD 1 Equivalent),"36085001700","4501",7691.39834998000,3295780.60300000012,,,
"15.01","1",Manhattan,"001501","1001501",,Financial District-Battery Park City,MN0101,MN01,MN01 Financial District-Tribeca (CD 1 Equivalent),"36061001501","4121",9809.17561606000,2955567.68398999982,"Census Tract 15.01; New York County; New York",Asian alone or in combination with one or more other races,"1870"
"29.01","1",Manhattan,"002901","1002901",,Tribeca-Civic Center,MN0102,MN01,MN01 Financial District-Tribeca (CD 1 Equivalent),"36061002901","4121",7354.63686467000,1561370.41705000005,,,
"13","1",Manhattan,"001300","1001300",,Financial District-Battery Park City,MN0101,MN01,MN01 Financial District-Tribeca (CD 1 Equivalent),"36061001300","4121",8814.23648489000,3413079.23357999977,"Census Tract 13; New York County; New York",Asian alone or in combination with one or more other races,"1341"
"21","1",Manhattan,"002100","1002100",,Tribeca-Civic Center,MN0102,MN01,MN01 Financial District-Tribeca (CD 1 Equivalent),"36061002100","4121",6740.33241512000,2560061.41981999995,,,
"21","5",Staten Island,"002100","5002100",,Tompkinsville-Stapleton-Clifton-Fox Hills,SI0102,SI01,SI01 North Shore (CD 1 Equivalent),"36085002100","4501",20574.73725590000,9292914.51658999920,,,
