CTLabel,BoroCode,BoroName,CT2020,BoroCT2020,CDEligibil,NTAName,NTA2020,CDTA2020,CDTANAME,GEOID,PUMA,Shape_Leng,Shape_Area,Asian Alone - ACSDT5YSPT2021.B01003-Data_NAME,Asian Alone - ACSDT5YSPT2021.B01003-Data_POPGROUP_LABEL,Asian Alone - ACSDT5YSPT2021.B01003-Data_Total_pop
"31","1",Manhattan,"003100","1003100",,Tribeca-Civic Center,MN0102,MN01,MN01 Financial District-Tribeca (CD 1 Equivalent),"36061003100","4121",7967.86702864000,2207015.17474000016,"Census Tract 31; New York County; New York",Asian alone or in combination with one or more other races,"770"
"33","1",Manhattan,"003300","1003300",,Tribeca-Civic Center,MN0102,MN01,MN01 Financial District-Tribeca (CD 1 Equivalent),"36061003300","4121",8170.75642439000,3677727.61843999987,,,
"108.01","1",Manhattan,"010801","1010801",,East Midtown-Turtle Bay,MN0604,MN06,MN06 East Midtown-Murray Hill (CD 6 Approximation),"36061010801","4165",3972.95951405000,763140.63822199998,,,
"267","4",Queens,"026700","4026700",,Elmhurst,QN0401,QN04,QN04 Elmhurst-Corona (CD 4 Approximation),"36081026700","4404",6365.40691983000,2256191.11672999989,"Census Tract 267; Queens County; New York",Asian alone or in combination with one or more other races,"2782"
"269.01","4",Queens,"026901","4026901",,Elmhurst,QN0401,QN04,QN04 Elmhurst-Corona (CD 4 Approximation),"36081026901","4404",5493.25299194000,1230343.79658999993,"Census Tract 269.01; Queens County; New York",Asian alone or in combination with one or more other races,"1486"
"269.02","4",Queens,"026902","4026902",,Elmhurst,QN0401,QN04,QN04 Elmhurst-Corona (CD 4 Approximation),"36081026902","4404",3699.99242626000,844998.01391300000,"Census Tract 269.02; Queens County; New York",Asian alone or in combination with one or more other races,"2150"
"271.01","4",Queens,"027101","4027101",,Elmhurst,QN0401,QN04,QN04 Elmhurst-Corona (CD 4 Approximation),"36081027101","4404",4342.27583234000,967871.94160200004,"Census Tract 271.01; Queens County; New York",Asian alone or in combination with one or more other races,"3275"
"285","4",Queens,"028500","4028500",,Jackson Heights,QN0301,QN03,QN03 Jackson Heights-East Elmhurst (CD 3 Approximation),"36081028500","4403",7390.11435232000,1701419.41686000000,,,
"287","4",Queens,"028700","4028700",,Jackson Heights,QN0301,QN03,QN03 Jackson Heights-East Elmhurst (CD 3 Approximation),"36081028700","4403",7939.87237985000,2104677.73699000012,"Census Tract 287; Queens County; New York",Asian alone or in combination with one or more other races,"2189"
"289","4",Queens,"028900","4028900",,Jackson Heights,QN0301,QN03,QN03 Jackson Heights-East Elmhurst (CD 3 Approximation),"36081028900","4403",7304.22002246000,1859020.47818999994,"Census Tract 289; Queens County; New York",Asian alone or in combination with one or more other races,"1791"
"481","4",Queens,"048100","4048100",,Elmhurst,QN0401,QN04,QN04 Elmhurst-Corona (CD 4 Approximation),"36081048100","4404",5593.24966948000,1496567.82633999991,"Census Tract 481; Queens County; New York",Asian alone or in combination with one or more other races,"3986"
"485","4",Queens,"048500","4048500",,Elmhurst,QN0401,QN04,QN04 Elmhurst-Corona (CD 4 Approximation),"36081048500","4404",10984.90710060000,3415647.86502999999,"Census Tract 485; Queens County; New York",Asian alone or in combination with one or more other races,"3074"
"265.02","4",Queens,"026502","4026502",,Woodside,QN0203,QN02,QN02 Long Island City-Sunnyside-Woodside (CD 2 Approximation),"36081026502","4402",4334.86778143000,752238.18654300005,,,
"265.01","4",Queens,"026501","4026501",,Elmhurst,QN0401,QN04,QN04 Elmhurst-Corona (CD 4 Approximation),"36081026501","4404",5367.00841448000,1155418.73160999990,"Census Tract 265.01; Queens County; New York",Asian alone or in combination with one or more other races,"1778"
"483.01","4",Queens,"048301","4048301",,Elmhurst,QN0401,QN04,QN04 Elmhurst-Corona (CD 4 Approximation),"36081048301","4404",3915.73641713000,931227.03061300004,"Census Tract 483.01; Queens County; New York",Asian alone or in combination with one or more other races,"1318"
"106.01","1",Manhattan,"010601","1010601",,East Midtown-Turtle Bay,MN0604,MN06,MN06 East Midtown-Murray Hill (CD 6 Approximation),"36061010601","4165",4905.65389981000,1313234.83746999991,,,
"483.02","4",Queens,"048302","4048302",,Woodside,QN0203,QN02,QN02 Long Island City-Sunnyside-Woodside (CD 2 Approximation),"36081048302","4402",5921.05012323000,1453031.96757999994,"Census Tract 483.02; Queens County; New York",Asian alone or in combination with one or more other races,"1026"
"86.02","1",Manhattan,"008602","1008602",,United Nations,MN0661,MN06,MN06 East Midtown-Murray Hill (CD 6 Approximation),"36061008602","4165",5307.39155452000,1091249.97041000007,,,
"15.01","1",Manhattan,"001501","1001501",,Financial District-Battery Park City,MN0101,MN01,MN01 Financial District-Tribeca (CD 1 Equivalent),"36061001501","4121",9809.17561606000,2955567.68398999982,"Census Tract 15.01; New York County; New York",Asian alone or in combination with one or more other races,"1870"
"29.01","1",Manhattan,"002901","1002901",,Tribeca-Civic Center,MN0102,MN01,MN01 Financial District-Tribeca (CD 1 Equivalent),"36061002901","4121",7354.63686467000,1561370.41705000005,,,
"291","4",Queens,"029100","4029100",,Jackson Heights,QN0301,QN03,QN03 Jackson Heights-East Elmhurst (CD 3 Approximation),"36081029100","4403",7509.23050068000,2813950.59446999989,"Census Tract 291; Queens County; New York",Asian alone or in combination with one or more other races,"3897"
"98","1",Manhattan,"009800","1009800",,East Midtown-Turtle Bay,MN0604,MN06,MN06 East Midtown-Murray Hill (CD 6 Approximation),"36061009800","4165",5534.31984616000,1906396.56071000011,,,
"86.03","1",Manhattan,"008603","1008603",,East Midtown-Turtle Bay,MN0604,MN06,MN06 East Midtown-Murray Hill (CD 6 Approximation),"36061008603","4165",4947.76621560000,1252406.90818000003,,,
"90","1",Manhattan,"009000","1009000",,East Midtown-Turtle Bay,MN0604,MN06,MN06 East Midtown-Murray Hill (CD 6 Approximation),"36061009000","4165",5530.99323190000,1882584.35324000008,,,
"13","1",Manhattan,"001300","1001300",,Financial District-Battery Park City,MN0101,MN01,MN01 Financial District-Tribeca (CD 1 Equivalent),"36061001300","4121",8814.23648489000,3413079.23357999977,"Census Tract 13; New York County; New York",Asian alone or in combination with one or more other races,"1341"
"21","1",Manhattan,"002100","1002100",,Tribeca-Civic Center,MN0102,MN01,MN01 Financial District-Tribeca (CD 1 Equivalent),"36061002100","4121",6740.33241512000,2560061.41981999995,,,
