CTLabel,BoroCode,BoroName,CT2020,BoroCT2020,CDEligibil,NTAName,NTA2020,CDTA2020,CDTANAME,GEOID,PUMA,Shape_Leng,Shape_Area,Asian Alone - ACSDT5YSPT2021.B01003-Data_NAME,Asian Alone - ACSDT5YSPT2021.B01003-Data_POPGROUP_LABEL,Asian Alone - ACSDT5YSPT2021.B01003-Data_Total_pop
"52","1",Manhattan,"005200","1005200",,Midtown South-Flatiron-Union Square,MN0501,MN05,MN05 Midtown-Flatiron-Union Square (CD 5 Approximation),"36061005200","4165",5790.38825222000,1815428.99169000005,"Census Tract 52; New York County; New York",Asian alone or in combination with one or more other races,"631"
"54","1",Manhattan,"005400","1005400",,Midtown South-Flatiron-Union Square,MN0501,MN05,MN05 Midtown-Flatiron-Union Square (CD 5 Approximation),"36061005400","4165",5588.63701127000,1809255.65822999994,,,
"63","1",Manhattan,"006300","1006300",,Greenwich Village,MN0202,MN02,MN02 Greenwich Village-SoHo (CD 2 Equivalent),"36061006300","4121",5802.50819179000,1918265.47759000002,,,
"71","1",Manhattan,"007100","1007100",,West Village,MN0203,MN02,MN02 Greenwich Village-SoHo (CD 2 Equivalent),"36061007100","4121",6603.38612647000,1774264.34210000001,,,
"81","1",Manhattan,"008100","1008100",,Chelsea-Hudson Yards,MN0401,MN04,MN04 Chelsea-Hell's Kitchen (CD 4 Approximation),"36061008100","4104",5683.39375249000,1875912.49867999996,,,
"61","1",Manhattan,"006100","1006100",,Greenwich Village,MN0202,MN02,MN02 Greenwich Village-SoHo (CD 2 Equivalent),"36061006100","4121",5022.82231991000,1528504.22528999997,"Census Tract 61; New York County; New York",Asian alone or in combination with one or more other races,"1194"
"177.01","5",Staten Island,"017701","5017701",,Todt Hill-Emerson Hill-Lighthouse Hill-Manor Heights,SI0203,SI02,SI02 Mid-Island (CD 2 Approximation),"36085017701","4502",29090.19352700000,31761506.29899999872,,,
