CTLabel,BoroCode,BoroName,CT2020,BoroCT2020,CDEligibil,NTAName,NTA2020,CDTA2020,CDTANAME,GEOID,PUMA,Shape_Leng,Shape_Area,Asian Alone - ACSDT5YSPT2021.B01003-Data_NAME,Asian Alone - ACSDT5YSPT2021.B01003-Data_POPGROUP_LABEL,Asian Alone - ACSDT5YSPT2021.B01003-Data_Total_pop
"31","1",Manhattan,"003100","1003100",,Tribeca-Civic Center,MN0102,MN01,MN01 Financial District-Tribeca (CD 1 Equivalent),"36061003100","4121",7967.86702864000,2207015.17474000016,"Census Tract 31; New York County; New York",Asian alone or in combination with one or more other races,"770"
"33","1",Manhattan,"003300","1003300",,Tribeca-Civic Center,MN0102,MN01,MN01 Financial District-Tribeca (CD 1 Equivalent),"36061003300","4121",8170.75642439000,3677727.61843999987,,,
"40.02","1",Manhattan,"004002","1004002",,East Village,MN0303,MN03,MN03 Lower East Side-Chinatown (CD 3 Equivalent),"36061004002","4103",4046.98099391000,932610.98620699998,"Census Tract 40.02; New York County; New York",Asian alone or in combination with one or more other races,"1369"
"41","1",Manhattan,"004100","1004100",,SoHo-Little Italy-Hudson Square,MN0201,MN02,MN02 Greenwich Village-SoHo (CD 2 Equivalent),"36061004100","4121",5913.87073980000,2058611.77685000002,"Census Tract 41; New York County; New York",Asian alone or in combination with one or more other races,"3790"
"43","1",Manhattan,"004300","1004300",,SoHo-Little Italy-Hudson Square,MN0201,MN02,MN02 Greenwich Village-SoHo (CD 2 Equivalent),"36061004300","4121",5090.41972568000,1605585.00792000000,,,
"45","1",Manhattan,"004500","1004500",,SoHo-Little Italy-Hudson Square,MN0201,MN02,MN02 Greenwich Village-SoHo (CD 2 Equivalent),"36061004500","4121",4604.74251526000,1129524.35465000011,,,
"55.01","1",Manhattan,"005501","1005501",,Greenwich Village,MN0202,MN02,MN02 Greenwich Village-SoHo (CD 2 Equivalent),"36061005501","4121",4650.76717945000,1338496.76795000001,"Census Tract 55.01; New York County; New York",Asian alone or in combination with one or more other races,"1478"
"55.02","1",Manhattan,"005502","1005502",,Greenwich Village,MN0202,MN02,MN02 Greenwich Village-SoHo (CD 2 Equivalent),"36061005502","4121",4547.01610161000,1243017.22803999996,,,
"65","1",Manhattan,"006500","1006500",,Greenwich Village,MN0202,MN02,MN02 Greenwich Village-SoHo (CD 2 Equivalent),"36061006500","4121",6351.18177406000,2167367.11549000023,"Census Tract 65; New York County; New York",Asian alone or in combination with one or more other races,"973"
"113","1",Manhattan,"011300","1011300",,Midtown-Times Square,MN0502,MN05,MN05 Midtown-Flatiron-Union Square (CD 5 Approximation),"36061011300","4165",5699.86063926000,1890907.26841000002,,,
"119","1",Manhattan,"011900","1011900",,Midtown-Times Square,MN0502,MN05,MN05 Midtown-Flatiron-Union Square (CD 5 Approximation),"36061011900","4165",5722.09072885000,1911310.68699999992,,,
"121.01","1",Manhattan,"012101","1012101",,Hell's Kitchen,MN0402,MN04,MN04 Chelsea-Hell's Kitchen (CD 4 Approximation),"36061012101","4104",3933.12523601000,959570.57603000000,,,
"121.02","1",Manhattan,"012102","1012102",,Hell's Kitchen,MN0402,MN04,MN04 Chelsea-Hell's Kitchen (CD 4 Approximation),"36061012102","4104",3933.96052052000,959890.05928900000,,,
"127","1",Manhattan,"012700","1012700",,Hell's Kitchen,MN0402,MN04,MN04 Chelsea-Hell's Kitchen (CD 4 Approximation),"36061012700","4104",5682.36124648000,1872371.15965000005,,,
"237.04","2",Bronx,"023704","2023704",,Fordham Heights,BX0503,BX05,BX05 Morris Heights-Mount Hope (CD 5 Approximation),"36005023704","4205",3627.53038729000,728192.34704599995,,,
"239","2",Bronx,"023900","2023900",,Fordham Heights,BX0503,BX05,BX05 Morris Heights-Mount Hope (CD 5 Approximation),"36005023900","4205",7305.92838259000,1913174.94235999999,,,
"251","2",Bronx,"025100","2025100",,University Heights (South)-Morris Heights,BX0501,BX05,BX05 Morris Heights-Mount Hope (CD 5 Approximation),"36005025100","4205",6295.47937861000,2253288.15118000004,,,
"253","2",Bronx,"025300","2025300",,University Heights (North)-Fordham,BX0701,BX07,BX07 Fordham-Bedford Park-Norwood (CD 7 Approximation),"36005025300","4207",5424.86568390000,1342439.48722000001,,,
"383.01","2",Bronx,"038301","2038301",,Fordham Heights,BX0503,BX05,BX05 Morris Heights-Mount Hope (CD 5 Approximation),"36005038301","4205",4142.37043152000,1030540.59533000004,,,
"38","1",Manhattan,"003800","1003800",,East Village,MN0303,MN03,MN03 Lower East Side-Chinatown (CD 3 Equivalent),"36061003800","4103",5840.78675497000,2180047.43844000017,,,
"59","1",Manhattan,"005900","1005900",,Greenwich Village,MN0202,MN02,MN02 Greenwich Village-SoHo (CD 2 Equivalent),"36061005900","4121",5280.10250184000,1250316.20744000003,"Census Tract 59; New York County; New York",Asian alone or in combination with one or more other races,"745"
"61","1",Manhattan,"006100","1006100",,Greenwich Village,MN0202,MN02,MN02 Greenwich Village-SoHo (CD 2 Equivalent),"36061006100","4121",5022.82231991000,1528504.22528999997,"Census Tract 61; New York County; New York",Asian alone or in combination with one or more other races,"1194"
"47","1",Manhattan,"004700","1004700",,SoHo-Little Italy-Hudson Square,MN0201,MN02,MN02 Greenwich Village-SoHo (CD 2 Equivalent),"36061004700","4121",5987.20965306000,1780551.10593000008,,,
"49","1",Manhattan,"004900","1004900",,SoHo-Little Italy-Hudson Square,MN0201,MN02,MN02 Greenwich Village-SoHo (CD 2 Equivalent),"36061004900","4121",6676.60586579000,2226124.32264999999,,,
"115","1",Manhattan,"011500","1011500",,Hell's Kitchen,MN0402,MN04,MN04 Chelsea-Hell's Kitchen (CD 4 Approximation),"36061011500","4104",5697.55368139000,1889849.28657000000,"Census Tract 115; New York County; New York",Asian alone or in combination with one or more other races,"1034"
"15.01","1",Manhattan,"001501","1001501",,Financial District-Battery Park City,MN0101,MN01,MN01 Financial District-Tribeca (CD 1 Equivalent),"36061001501","4121",9809.17561606000,2955567.68398999982,"Census Tract 15.01; New York County; New York",Asian alone or in combination with one or more other races,"1870"
"29.01","1",Manhattan,"002901","1002901",,Tribeca-Civic Center,MN0102,MN01,MN01 Financial District-Tribeca (CD 1 Equivalent),"36061002901","4121",7354.63686467000,1561370.41705000005,,,
"381","2",Bronx,"038100","2038100",,Mount Hope,BX0502,BX05,BX05 Morris Heights-Mount Hope (CD 5 Approximation),"36005038100","4205",6821.68419728000,1623054.77206999995,,,
"237.03","2",Bronx,"023703","2023703",,Fordham Heights,BX0503,BX05,BX05 Morris Heights-Mount Hope (CD 5 Approximation),"36005023703","4205",4924.11199283000,1071852.08422000008,,,
"13","1",Manhattan,"001300","1001300",,Financial District-Battery Park City,MN0101,MN01,MN01 Financial District-Tribeca (CD 1 Equivalent),"36061001300","4121",8814.23648489000,3413079.23357999977,"Census Tract 13; New York County; New York",Asian alone or in combination with one or more other races,"1341"
"21","1",Manhattan,"002100","1002100",,Tribeca-Civic Center,MN0102,MN01,MN01 Financial District-Tribeca (CD 1 Equivalent),"36061002100","4121",6740.33241512000,2560061.41981999995,,,
"42","1",Manhattan,"004200","1004200",,East Village,MN0303,MN03,MN03 Lower East Side-Chinatown (CD 3 Equivalent),"36061004200","4103",5674.32124202000,936398.93987000000,"Census Tract 42; New York County; New York",Asian alone or in combination with one or more other races,"1421"
"57","1",Manhattan,"005700","1005700",,Greenwich Village,MN0202,MN02,MN02 Greenwich Village-SoHo (CD 2 Equivalent),"36061005700","4121",4762.73550026000,1153607.13497000001,,,
