"geo_id","popgroup_label","Total_pop"
"0400000US36","Asian Indian alone or in any combination","428846"
"0400000US36","Bangladeshi alone or in any combination","98454"
"0400000US36","Cambodian alone or in any combination","6197"
"0400000US36","Chinese, except Taiwanese alone or in any combination","775718"
"0400000US36","Filipino alone or in any combination","154980"
"0400000US36","Indonesian alone or in any combination","7702"
"0400000US36","Japanese alone or in any combination","58126"
"0400000US36","Korean alone or in any combination","142143"
"0400000US36","Laotian alone or in any combination","4772"
"0400000US36","Malaysian alone or in any combination","4741"
"0400000US36","Pakistani alone or in any combination","91146"
"0400000US36","Sri Lankan alone or in any combination","9252"
"0400000US36","Thai alone or in any combination","16785"
"0400000US36","Vietnamese alone or in any combination","39677"
"1400000US36001014615","Asian Indian alone or in any combination","832"
"1400000US36005007200","Bangladeshi alone or in any combination","1445"
"1400000US36005020000","Asian Indian alone or in any combination","888"
"1400000US36005022200","Asian Indian alone or in any combination","749"
"1400000US36007014302","Chinese, except Taiwanese alone or in any combination","1031"
"1400000US36029009110","Chinese, except Taiwanese alone or in any combination","752"
"1400000US36029009115","Chinese, except Taiwanese alone or in any combination","807"
"1400000US36047002901","Chinese, except Taiwanese alone or in any combination","689"
"1400000US36047006800","Chinese, except Taiwanese alone or in any combination","586"
"1400000US36047007400","Chinese, except Taiwanese alone or in any combination","1576"
"1400000US36047007600","Chinese, except Taiwanese alone or in any combination","1147"
"1400000US36047009201","Chinese, except Taiwanese alone or in any combination","1445"
"1400000US36047009202","Chinese, except Taiwanese alone or in any combination","619"
"1400000US36047009401","Chinese, except Taiwanese alone or in any combination","1693"
"1400000US36047009402","Chinese, except Taiwanese alone or in any combination","1391"
"1400000US36047009600","Chinese, except Taiwanese alone or in any combination","1823"
"1400000US36047009800","Chinese, except Taiwanese alone or in any combination","2502"
"1400000US36047010000","Chinese, except Taiwanese alone or in any combination","2517"
"1400000US36047010200","Chinese, except Taiwanese alone or in any combination","3359"
"1400000US36047010401","Chinese, except Taiwanese alone or in any combination","2058"
"1400000US36047010402","Chinese, except Taiwanese alone or in any combination","1893"
"1400000US36047010601","Chinese, except Taiwanese alone or in any combination","1982"
"1400000US36047010602","Chinese, except Taiwanese alone or in any combination","1991"
"1400000US36047010801","Chinese, except Taiwanese alone or in any combination","1251"
"1400000US36047010802","Chinese, except Taiwanese alone or in any combination","1821"
"1400000US36047011000","Chinese, except Taiwanese alone or in any combination","956"
"1400000US36047011200","Chinese, except Taiwanese alone or in any combination","1126"
"1400000US36047011400","Chinese, except Taiwanese alone or in any combination","869"
"1400000US36047011600","Chinese, except Taiwanese alone or in any combination","2708"
"1400000US36047011800","Chinese, except Taiwanese alone or in any combination","1688"
"1400000US36047012000","Chinese, except Taiwanese alone or in any combination","726"
"1400000US36047012200","Chinese, except Taiwanese alone or in any combination","2468"
"1400000US36047012600","Chinese, except Taiwanese alone or in any combination","818"
"1400000US36047012801","Chinese, except Taiwanese alone or in any combination","1050"
"1400000US36047013200","Chinese, except Taiwanese alone or in any combination","700"
"1400000US36047013400","Chinese, except Taiwanese alone or in any combination","812"
"1400000US36047015200","Chinese, except Taiwanese alone or in any combination","567"
"1400000US36047016800","Chinese, except Taiwanese alone or in any combination","527"
"1400000US36047017000","Chinese, except Taiwanese alone or in any combination","1246"
"1400000US36047017200","Chinese, except Taiwanese alone or in any combination","1174"
"1400000US36047017400","Chinese, except Taiwanese alone or in any combination","860"
"1400000US36047017600","Chinese, except Taiwanese alone or in any combination","639"
"1400000US36047017800","Chinese, except Taiwanese alone or in any combination","1065"
"1400000US36047018000","Chinese, except Taiwanese alone or in any combination","1158"
"1400000US36047018200","Chinese, except Taiwanese alone or in any combination","1925"
"1400000US36047018400","Chinese, except Taiwanese alone or in any combination","1043"
"1400000US36047018600","Chinese, except Taiwanese alone or in any combination","793"
"1400000US36047018800","Chinese, except Taiwanese alone or in any combination","898"
"1400000US36047019000","Chinese, except Taiwanese alone or in any combination","2114"
"1400000US36047019200","Chinese, except Taiwanese alone or in any combination","1065"
"1400000US36047019400","Chinese, except Taiwanese alone or in any combination","2487"
"1400000US36047019600","Chinese, except Taiwanese alone or in any combination","1601"
"1400000US36047019800","Chinese, except Taiwanese alone or in any combination","743"
"1400000US36047020000","Chinese, except Taiwanese alone or in any combination","974"
"1400000US36047020200","Chinese, except Taiwanese alone or in any combination","682"
"1400000US36047020800","Chinese, except Taiwanese alone or in any combination","1936"
"1400000US36047021000","Chinese, except Taiwanese alone or in any combination","2233"
"1400000US36047021200","Chinese, except Taiwanese alone or in any combination","2419"
"1400000US36047021400","Chinese, except Taiwanese alone or in any combination","725"
"1400000US36047024600","Chinese, except Taiwanese alone or in any combination","899"
"1400000US36047024800","Chinese, except Taiwanese alone or in any combination","753"
"1400000US36047025000","Chinese, except Taiwanese alone or in any combination","1193"
"1400000US36047025200","Chinese, except Taiwanese alone or in any combination","1446"
"1400000US36047025400","Chinese, except Taiwanese alone or in any combination","1549"
"1400000US36047025600","Chinese, except Taiwanese alone or in any combination","1788"
"1400000US36047025800","Chinese, except Taiwanese alone or in any combination","1246"
"1400000US36047026000","Chinese, except Taiwanese alone or in any combination","1225"
"1400000US36047026200","Chinese, except Taiwanese alone or in any combination","1402"
"1400000US36047026400","Chinese, except Taiwanese alone or in any combination","1586"
"1400000US36047026600","Chinese, except Taiwanese alone or in any combination","1513"
"1400000US36047026800","Chinese, except Taiwanese alone or in any combination","1833"
"1400000US36047027200","Chinese, except Taiwanese alone or in any combination","965"
"1400000US36047027400","Chinese, except Taiwanese alone or in any combination","1261"
"1400000US36047027600","Chinese, except Taiwanese alone or in any combination","1133"
"1400000US36047027800","Chinese, except Taiwanese alone or in any combination","1351"
"1400000US36047028000","Chinese, except Taiwanese alone or in any combination","620"
"1400000US36047028200","Chinese, except Taiwanese alone or in any combination","1261"
"1400000US36047028400","Chinese, except Taiwanese alone or in any combination","869"
"1400000US36047028800","Chinese, except Taiwanese alone or in any combination","1650"
"1400000US36047029200","Chinese, except Taiwanese alone or in any combination","519"
"1400000US36047029600","Chinese, except Taiwanese alone or in any combination","1615"
"1400000US36047029800","Chinese, except Taiwanese alone or in any combination","1739"
"1400000US36047030000","Chinese, except Taiwanese alone or in any combination","1756"
"1400000US36047030200","Chinese, except Taiwanese alone or in any combination","2548"
"1400000US36047030400","Chinese, except Taiwanese alone or in any combination","1406"
"1400000US36047030600","Chinese, except Taiwanese alone or in any combination","777"
"1400000US36047030800","Chinese, except Taiwanese alone or in any combination","583"
"1400000US36047032800","Chinese, except Taiwanese alone or in any combination","802"
"1400000US36047037000","Asian Indian alone or in any combination","435"
"1400000US36047037000","Chinese, except Taiwanese alone or in any combination","670"
"1400000US36047038200","Chinese, except Taiwanese alone or in any combination","1348"
"1400000US36047038600","Chinese, except Taiwanese alone or in any combination","992"
"1400000US36047039800","Chinese, except Taiwanese alone or in any combination","1106"
"1400000US36047040000","Chinese, except Taiwanese alone or in any combination","1202"
"1400000US36047040200","Chinese, except Taiwanese alone or in any combination","1555"
"1400000US36047040400","Chinese, except Taiwanese alone or in any combination","1304"
"1400000US36047040600","Chinese, except Taiwanese alone or in any combination","1848"
"1400000US36047040800","Chinese, except Taiwanese alone or in any combination","2157"
"1400000US36047041200","Chinese, except Taiwanese alone or in any combination","753"
"1400000US36047042400","Chinese, except Taiwanese alone or in any combination","1173"
"1400000US36047042600","Chinese, except Taiwanese alone or in any combination","1300"
"1400000US36047042800","Chinese, except Taiwanese alone or in any combination","1351"
"1400000US36047043000","Chinese, except Taiwanese alone or in any combination","857"
"1400000US36047043200","Chinese, except Taiwanese alone or in any combination","1326"
"1400000US36047043400","Chinese, except Taiwanese alone or in any combination","1037"
"1400000US36047043600","Chinese, except Taiwanese alone or in any combination","1166"
"1400000US36047044600","Chinese, except Taiwanese alone or in any combination","700"
"1400000US36047049100","Chinese, except Taiwanese alone or in any combination","1649"
"1400000US36047049800","Chinese, except Taiwanese alone or in any combination","742"
"1400000US36047053400","Pakistani alone or in any combination","909"
"1400000US36047056400","Chinese, except Taiwanese alone or in any combination","595"
"1400000US36047056600","Chinese, except Taiwanese alone or in any combination","798"
"1400000US36047056800","Chinese, except Taiwanese alone or in any combination","453"
"1400000US36047057000","Chinese, except Taiwanese alone or in any combination","578"
"1400000US36047057400","Chinese, except Taiwanese alone or in any combination","1590"
"1400000US36047057600","Chinese, except Taiwanese alone or in any combination","1395"
"1400000US36047057800","Chinese, except Taiwanese alone or in any combination","755"
"1400000US36047058000","Chinese, except Taiwanese alone or in any combination","1243"
"1400000US36047058600","Chinese, except Taiwanese alone or in any combination","1556"
"1400000US36047059000","Chinese, except Taiwanese alone or in any combination","586"
"1400000US36047059200","Chinese, except Taiwanese alone or in any combination","594"
"1400000US36047059402","Chinese, except Taiwanese alone or in any combination","1302"
"1400000US36047059403","Chinese, except Taiwanese alone or in any combination","1601"
"1400000US36047059404","Chinese, except Taiwanese alone or in any combination","1022"
"1400000US36047061003","Chinese, except Taiwanese alone or in any combination","309"
"1400000US36059300400","Chinese, except Taiwanese alone or in any combination","522"
"1400000US36059300500","Chinese, except Taiwanese alone or in any combination","304"
"1400000US36059300600","Chinese, except Taiwanese alone or in any combination","1603"
"1400000US36059300800","Chinese, except Taiwanese alone or in any combination","803"
"1400000US36059300901","Chinese, except Taiwanese alone or in any combination","1061"
"1400000US36059301500","Chinese, except Taiwanese alone or in any combination","245"
"1400000US36059302300","Asian Indian alone or in any combination","857"
"1400000US36059302300","Chinese, except Taiwanese alone or in any combination","499"
"1400000US36059302400","Asian Indian alone or in any combination","671"
"1400000US36059302700","Asian Indian alone or in any combination","1338"
"1400000US36059302700","Chinese, except Taiwanese alone or in any combination","744"
"1400000US36059302800","Asian Indian alone or in any combination","1326"
"1400000US36059302800","Chinese, except Taiwanese alone or in any combination","1066"
"1400000US36059303000","Asian Indian alone or in any combination","1424"
"1400000US36059303101","Asian Indian alone or in any combination","1117"
"1400000US36059303101","Chinese, except Taiwanese alone or in any combination","443"
"1400000US36059303102","Asian Indian alone or in any combination","1043"
"1400000US36059303102","Chinese, except Taiwanese alone or in any combination","628"
"1400000US36059303203","Asian Indian alone or in any combination","756"
"1400000US36059303203","Chinese, except Taiwanese alone or in any combination","578"
"1400000US36059303204","Asian Indian alone or in any combination","755"
"1400000US36059303301","Chinese, except Taiwanese alone or in any combination","583"
"1400000US36059404800","Asian Indian alone or in any combination","612"
"1400000US36059405000","Asian Indian alone or in any combination","663"
"1400000US36059517701","Asian Indian alone or in any combination","617"
"1400000US36059517701","Chinese, except Taiwanese alone or in any combination","633"
"1400000US36059518300","Chinese, except Taiwanese alone or in any combination","1100"
"1400000US36059518400","Chinese, except Taiwanese alone or in any combination","485"
"1400000US36059518501","Chinese, except Taiwanese alone or in any combination","1711"
"1400000US36059518502","Chinese, except Taiwanese alone or in any combination","458"
"1400000US36059518600","Chinese, except Taiwanese alone or in any combination","941"
"1400000US36059518700","Asian Indian alone or in any combination","463"
"1400000US36059518700","Chinese, except Taiwanese alone or in any combination","867"
"1400000US36059518700","Korean alone or in any combination","532"
"1400000US36059518900","Asian Indian alone or in any combination","1650"
"1400000US36059519200","Asian Indian alone or in any combination","1740"
"1400000US36059519300","Asian Indian alone or in any combination","1640"
"1400000US36059519500","Asian Indian alone or in any combination","922"
"1400000US36061000600","Chinese, except Taiwanese alone or in any combination","5130"
"1400000US36061000800","Chinese, except Taiwanese alone or in any combination","7640"
"1400000US36061001402","Chinese, except Taiwanese alone or in any combination","942"
"1400000US36061001501","Chinese, except Taiwanese alone or in any combination","1664"
"1400000US36061001600","Chinese, except Taiwanese alone or in any combination","5853"
"1400000US36061001800","Chinese, except Taiwanese alone or in any combination","2949"
"1400000US36061002000","Chinese, except Taiwanese alone or in any combination","739"
"1400000US36061002500","Chinese, except Taiwanese alone or in any combination","1796"
"1400000US36061002700","Chinese, except Taiwanese alone or in any combination","962"
"1400000US36061002902","Chinese, except Taiwanese alone or in any combination","3292"
"1400000US36061003601","Chinese, except Taiwanese alone or in any combination","671"
"1400000US36061004100","Chinese, except Taiwanese alone or in any combination","3401"
"1400000US36061004200","Chinese, except Taiwanese alone or in any combination","833"
"1400000US36061004800","Chinese, except Taiwanese alone or in any combination","793"
"1400000US36061020300","Chinese, except Taiwanese alone or in any combination","641"
"1400000US36061020500","Chinese, except Taiwanese alone or in any combination","532"
"1400000US36061023802","Chinese, except Taiwanese alone or in any combination","920"
"1400000US36067004302","Chinese, except Taiwanese alone or in any combination","951"
"1400000US36067005602","Chinese, except Taiwanese alone or in any combination","662"
"1400000US36081000800","Chinese, except Taiwanese alone or in any combination","443"
"1400000US36081001000","Asian Indian alone or in any combination","532"
"1400000US36081001902","Chinese, except Taiwanese alone or in any combination","980"
"1400000US36081003600","Asian Indian alone or in any combination","778"
"1400000US36081004200","Asian Indian alone or in any combination","1231"
"1400000US36081004401","Asian Indian alone or in any combination","1726"
"1400000US36081004401","Bangladeshi alone or in any combination","602"
"1400000US36081005200","Asian Indian alone or in any combination","986"
"1400000US36081005400","Asian Indian alone or in any combination","1000"
"1400000US36081009400","Asian Indian alone or in any combination","1248"
"1400000US36081009600","Asian Indian alone or in any combination","742"
"1400000US36081009800","Asian Indian alone or in any combination","1042"
"1400000US36081010000","Asian Indian alone or in any combination","1183"
"1400000US36081010200","Asian Indian alone or in any combination","1507"
"1400000US36081010400","Asian Indian alone or in any combination","919"
"1400000US36081010600","Asian Indian alone or in any combination","1208"
"1400000US36081010800","Asian Indian alone or in any combination","1656"
"1400000US36081011000","Asian Indian alone or in any combination","759"
"1400000US36081011200","Asian Indian alone or in any combination","709"
"1400000US36081011600","Asian Indian alone or in any combination","723"
"1400000US36081011800","Asian Indian alone or in any combination","1145"
"1400000US36081012000","Asian Indian alone or in any combination","989"
"1400000US36081012200","Asian Indian alone or in any combination","1091"
"1400000US36081012400","Asian Indian alone or in any combination","571"
"1400000US36081014201","Asian Indian alone or in any combination","1707"
"1400000US36081014800","Asian Indian alone or in any combination","555"
"1400000US36081015000","Asian Indian alone or in any combination","968"
"1400000US36081015200","Asian Indian alone or in any combination","770"
"1400000US36081015400","Asian Indian alone or in any combination","665"
"1400000US36081015600","Asian Indian alone or in any combination","942"
"1400000US36081015801","Asian Indian alone or in any combination","1093"
"1400000US36081015802","Asian Indian alone or in any combination","1122"
"1400000US36081016400","Asian Indian alone or in any combination","1079"
"1400000US36081016600","Asian Indian alone or in any combination","1130"
"1400000US36081016800","Asian Indian alone or in any combination","932"
"1400000US36081017000","Asian Indian alone or in any combination","977"
"1400000US36081017200","Asian Indian alone or in any combination","701"
"1400000US36081017400","Asian Indian alone or in any combination","676"
"1400000US36081017600","Asian Indian alone or in any combination","450"
"1400000US36081017800","Asian Indian alone or in any combination","786"
"1400000US36081019400","Asian Indian alone or in any combination","450"
"1400000US36081023600","Asian Indian alone or in any combination","559"
"1400000US36081023600","Bangladeshi alone or in any combination","563"
"1400000US36081023800","Bangladeshi alone or in any combination","1384"
"1400000US36081024300","Chinese, except Taiwanese alone or in any combination","877"
"1400000US36081029300","Chinese, except Taiwanese alone or in any combination","332"
"1400000US36081030903","Asian Indian alone or in any combination","815"
"1400000US36081044400","Bangladeshi alone or in any combination","844"
"1400000US36081044602","Asian Indian alone or in any combination","989"
"1400000US36081044602","Bangladeshi alone or in any combination","1660"
"1400000US36081044800","Bangladeshi alone or in any combination","486"
"1400000US36081045000","Bangladeshi alone or in any combination","846"
"1400000US36081045400","Asian Indian alone or in any combination","1108"
"1400000US36081045400","Bangladeshi alone or in any combination","1894"
"1400000US36081045600","Bangladeshi alone or in any combination","465"
"1400000US36081045700","Chinese, except Taiwanese alone or in any combination","1624"
"1400000US36081045800","Bangladeshi alone or in any combination","719"
"1400000US36081045900","Chinese, except Taiwanese alone or in any combination","974"
"1400000US36081046000","Asian Indian alone or in any combination","1410"
"1400000US36081046000","Bangladeshi alone or in any combination","1114"
"1400000US36081046100","Chinese, except Taiwanese alone or in any combination","703"
"1400000US36081046200","Bangladeshi alone or in any combination","2043"
"1400000US36081046300","Chinese, except Taiwanese alone or in any combination","1028"
"1400000US36081046600","Bangladeshi alone or in any combination","1167"
"1400000US36081046800","Asian Indian alone or in any combination","1093"
"1400000US36081047000","Asian Indian alone or in any combination","1127"
"1400000US36081047100","Chinese, except Taiwanese alone or in any combination","1317"
"1400000US36081047300","Chinese, except Taiwanese alone or in any combination","1392"
"1400000US36081047500","Chinese, except Taiwanese alone or in any combination","1315"
"1400000US36081047500","Filipino alone or in any combination","1013"
"1400000US36081047900","Chinese, except Taiwanese alone or in any combination","1927"
"1400000US36081048000","Asian Indian alone or in any combination","462"
"1400000US36081048500","Chinese, except Taiwanese alone or in any combination","1342"
"1400000US36081048900","Chinese, except Taiwanese alone or in any combination","488"
"1400000US36081049301","Chinese, except Taiwanese alone or in any combination","637"
"1400000US36081049600","Asian Indian alone or in any combination","635"
"1400000US36081049700","Chinese, except Taiwanese alone or in any combination","739"
"1400000US36081049900","Chinese, except Taiwanese alone or in any combination","2575"
"1400000US36081050700","Chinese, except Taiwanese alone or in any combination","573"
"1400000US36081054200","Asian Indian alone or in any combination","935"
"1400000US36081054800","Asian Indian alone or in any combination","456"
"1400000US36081055400","Asian Indian alone or in any combination","970"
"1400000US36081066301","Chinese, except Taiwanese alone or in any combination","521"
"1400000US36081067100","Chinese, except Taiwanese alone or in any combination","425"
"1400000US36081068300","Chinese, except Taiwanese alone or in any combination","982"
"1400000US36081069500","Chinese, except Taiwanese alone or in any combination","804"
"1400000US36081069702","Chinese, except Taiwanese alone or in any combination","1262"
"1400000US36081070700","Chinese, except Taiwanese alone or in any combination","703"
"1400000US36081070900","Chinese, except Taiwanese alone or in any combination","661"
"1400000US36081071100","Chinese, except Taiwanese alone or in any combination","1249"
"1400000US36081071702","Asian Indian alone or in any combination","877"
"1400000US36081071702","Chinese, except Taiwanese alone or in any combination","707"
"1400000US36081074700","Chinese, except Taiwanese alone or in any combination","854"
"1400000US36081077904","Chinese, except Taiwanese alone or in any combination","740"
"1400000US36081077906","Chinese, except Taiwanese alone or in any combination","1153"
"1400000US36081079701","Asian Indian alone or in any combination","1376"
"1400000US36081079701","Chinese, except Taiwanese alone or in any combination","2936"
"1400000US36081079702","Chinese, except Taiwanese alone or in any combination","2987"
"1400000US36081079900","Chinese, except Taiwanese alone or in any combination","1930"
"1400000US36081080301","Chinese, except Taiwanese alone or in any combination","1675"
"1400000US36081080302","Chinese, except Taiwanese alone or in any combination","1875"
"1400000US36081080900","Chinese, except Taiwanese alone or in any combination","1915"
"1400000US36081081400","Asian Indian alone or in any combination","1349"
"1400000US36081081800","Asian Indian alone or in any combination","1285"
"1400000US36081083700","Chinese, except Taiwanese alone or in any combination","3822"
"1400000US36081083800","Asian Indian alone or in any combination","1968"
"1400000US36081084000","Asian Indian alone or in any combination","2762"
"1400000US36081084500","Chinese, except Taiwanese alone or in any combination","2550"
"1400000US36081084601","Asian Indian alone or in any combination","1045"
"1400000US36081084901","Chinese, except Taiwanese alone or in any combination","1866"
"1400000US36081084902","Chinese, except Taiwanese alone or in any combination","3142"
"1400000US36081085300","Chinese, except Taiwanese alone or in any combination","4302"
"1400000US36081085500","Chinese, except Taiwanese alone or in any combination","2861"
"1400000US36081085700","Chinese, except Taiwanese alone or in any combination","2999"
"1400000US36081085900","Chinese, except Taiwanese alone or in any combination","4116"
"1400000US36081086100","Chinese, except Taiwanese alone or in any combination","1628"
"1400000US36081086300","Chinese, except Taiwanese alone or in any combination","3818"
"1400000US36081086500","Chinese, except Taiwanese alone or in any combination","2203"
"1400000US36081086900","Chinese, except Taiwanese alone or in any combination","1296"
"1400000US36081087100","Chinese, except Taiwanese alone or in any combination","2070"
"1400000US36081088902","Chinese, except Taiwanese alone or in any combination","2931"
"1400000US36081088903","Chinese, except Taiwanese alone or in any combination","3229"
"1400000US36081091900","Chinese, except Taiwanese alone or in any combination","1983"
"1400000US36081093900","Chinese, except Taiwanese alone or in any combination","1328"
"1400000US36081094500","Chinese, except Taiwanese alone or in any combination","823"
"1400000US36081101700","Chinese, except Taiwanese alone or in any combination","1513"
"1400000US36081103300","Chinese, except Taiwanese alone or in any combination","1598"
"1400000US36081103900","Chinese, except Taiwanese alone or in any combination","1880"
"1400000US36081104700","Chinese, except Taiwanese alone or in any combination","3058"
"1400000US36081105900","Chinese, except Taiwanese alone or in any combination","848"
"1400000US36081108500","Chinese, except Taiwanese alone or in any combination","429"
"1400000US36081109300","Chinese, except Taiwanese alone or in any combination","897"
"1400000US36081109700","Chinese, except Taiwanese alone or in any combination","355"
"1400000US36081109900","Chinese, except Taiwanese alone or in any combination","736"
"1400000US36081111300","Chinese, except Taiwanese alone or in any combination","741"
"1400000US36081114100","Chinese, except Taiwanese alone or in any combination","489"
"1400000US36081114700","Chinese, except Taiwanese alone or in any combination","554"
"1400000US36081115700","Chinese, except Taiwanese alone or in any combination","741"
"1400000US36081115700","Korean alone or in any combination","994"
"1400000US36081115900","Chinese, except Taiwanese alone or in any combination","1877"
"1400000US36081116100","Chinese, except Taiwanese alone or in any combination","1642"
"1400000US36081116100","Korean alone or in any combination","938"
"1400000US36081116301","Chinese, except Taiwanese alone or in any combination","2179"
"1400000US36081116302","Chinese, except Taiwanese alone or in any combination","1671"
"1400000US36081116700","Chinese, except Taiwanese alone or in any combination","961"
"1400000US36081117100","Chinese, except Taiwanese alone or in any combination","557"
"1400000US36081117100","Korean alone or in any combination","813"
"1400000US36081117500","Chinese, except Taiwanese alone or in any combination","1446"
"1400000US36081117500","Korean alone or in any combination","961"
"1400000US36081118500","Korean alone or in any combination","512"
"1400000US36081118700","Chinese, except Taiwanese alone or in any combination","1003"
"1400000US36081118900","Chinese, except Taiwanese alone or in any combination","938"
"1400000US36081119100","Chinese, except Taiwanese alone or in any combination","1222"
"1400000US36081119300","Chinese, except Taiwanese alone or in any combination","455"
"1400000US36081119300","Korean alone or in any combination","422"
"1400000US36081119900","Chinese, except Taiwanese alone or in any combination","964"
"1400000US36081120100","Chinese, except Taiwanese alone or in any combination","651"
"1400000US36081120300","Chinese, except Taiwanese alone or in any combination","1167"
"1400000US36081120500","Chinese, except Taiwanese alone or in any combination","1798"
"1400000US36081120701","Chinese, except Taiwanese alone or in any combination","971"
"1400000US36081121500","Chinese, except Taiwanese alone or in any combination","2191"
"1400000US36081122300","Chinese, except Taiwanese alone or in any combination","1467"
"1400000US36081124100","Chinese, except Taiwanese alone or in any combination","1666"
"1400000US36081124700","Chinese, except Taiwanese alone or in any combination","1795"
"1400000US36081125700","Chinese, except Taiwanese alone or in any combination","901"
"1400000US36081126500","Filipino alone or in any combination","543"
"1400000US36081126700","Chinese, except Taiwanese alone or in any combination","553"
"1400000US36081129102","Chinese, except Taiwanese alone or in any combination","536"
"1400000US36081129104","Chinese, except Taiwanese alone or in any combination","958"
"1400000US36081130100","Asian Indian alone or in any combination","743"
"1400000US36081133300","Chinese, except Taiwanese alone or in any combination","1082"
"1400000US36081134100","Chinese, except Taiwanese alone or in any combination","961"
"1400000US36081134701","Korean alone or in any combination","1315"
"1400000US36081134702","Chinese, except Taiwanese alone or in any combination","1311"
"1400000US36081136700","Chinese, except Taiwanese alone or in any combination","2719"
"1400000US36081137700","Chinese, except Taiwanese alone or in any combination","1822"
"1400000US36081138501","Chinese, except Taiwanese alone or in any combination","1776"
"1400000US36081139900","Chinese, except Taiwanese alone or in any combination","731"
"1400000US36081140300","Chinese, except Taiwanese alone or in any combination","1366"
"1400000US36081140901","Chinese, except Taiwanese alone or in any combination","445"
"1400000US36081140902","Chinese, except Taiwanese alone or in any combination","1321"
"1400000US36081141700","Chinese, except Taiwanese alone or in any combination","2438"
"1400000US36081142900","Chinese, except Taiwanese alone or in any combination","1563"
"1400000US36081143500","Chinese, except Taiwanese alone or in any combination","1333"
"1400000US36081144100","Chinese, except Taiwanese alone or in any combination","982"
"1400000US36081144700","Chinese, except Taiwanese alone or in any combination","1068"
"1400000US36081144700","Korean alone or in any combination","576"
"1400000US36081145102","Chinese, except Taiwanese alone or in any combination","915"
"1400000US36081145900","Chinese, except Taiwanese alone or in any combination","488"
"1400000US36081147900","Chinese, except Taiwanese alone or in any combination","764"
"1400000US36081150701","Chinese, except Taiwanese alone or in any combination","758"
"1400000US36081150702","Chinese, except Taiwanese alone or in any combination","817"
"1400000US36081152901","Chinese, except Taiwanese alone or in any combination","1962"
"1400000US36081152901","Korean alone or in any combination","1476"
"1400000US36081152902","Chinese, except Taiwanese alone or in any combination","2159"
"1400000US36081157101","Asian Indian alone or in any combination","3274"
"1400000US36081157102","Asian Indian alone or in any combination","923"
"1400000US36081157901","Asian Indian alone or in any combination","2665"
"1400000US36081157902","Asian Indian alone or in any combination","2162"
"1400000US36081157903","Asian Indian alone or in any combination","1965"
"1400000US36081161700","Asian Indian alone or in any combination","787"
"1400000US36081162100","Asian Indian alone or in any combination","2467"
"1400000US36085000800","Chinese, except Taiwanese alone or in any combination","1465"
"1400000US36085005000","Chinese, except Taiwanese alone or in any combination","869"
"1400000US36085007400","Chinese, except Taiwanese alone or in any combination","850"
"1400000US36085011203","Chinese, except Taiwanese alone or in any combination","1164"
"1400000US36085012804","Chinese, except Taiwanese alone or in any combination","775"
"1400000US36085027704","Chinese, except Taiwanese alone or in any combination","701"
"1400000US36085027705","Chinese, except Taiwanese alone or in any combination","1025"
"1400000US36103112213","Asian Indian alone or in any combination","857"
"1400000US36103158001","Chinese, except Taiwanese alone or in any combination","164"
"1400000US36103158015","Asian Indian alone or in any combination","789"
"1400000US36103158015","Chinese, except Taiwanese alone or in any combination","2362"
"1400000US36109000300","Chinese, except Taiwanese alone or in any combination","347"
"1400000US36109000400","Chinese, except Taiwanese alone or in any combination","653"
"1400000US36109000500","Chinese, except Taiwanese alone or in any combination","502"
"1400000US36109001200","Chinese, except Taiwanese alone or in any combination","404"
"1400000US36119008403","Japanese alone or in any combination","602"
"1400000US36119010100","Chinese, except Taiwanese alone or in any combination","485"
"1400000US36119010701","Asian Indian alone or in any combination","602"
"1400000US36119011101","Asian Indian alone or in any combination","495"
