CTLabel,BoroCode,BoroName,CT2020,BoroCT2020,CDEligibil,NTAName,NTA2020,CDTA2020,CDTANAME,GEOID,PUMA,Shape_Leng,Shape_Area,Asian Alone - ACSDT5YSPT2021.B01003-Data_NAME,Asian Alone - ACSDT5YSPT2021.B01003-Data_POPGROUP_LABEL,Asian Alone - ACSDT5YSPT2021.B01003-Data_Total_pop
"35","3",Brooklyn,"003500","3003500",,Fort Greene,BK0203,BK02,BK02 Downtown Brooklyn-Fort Greene (CD 2 Approximation),"36047003500","4302",5043.32551366000,1433175.22982000001,,,
"129.02","3",Brooklyn,"012902","3012902",,Park Slope,BK0602,BK06,BK06 Park Slope-Carroll Gardens (CD 6 Approximation),"36047012902","4306",5892.08168882000,1461597.02429999993,,,
"161","3",Brooklyn,"016100","3016100",,Prospect Heights,BK0801,BK08,BK08 Crown Heights (North) (CD 8 Approximation),"36047016100","4308",6482.69068670000,1964156.72047000006,,,
"163","3",Brooklyn,"016300","3016300",,Prospect Heights,BK0801,BK08,BK08 Crown Heights (North) (CD 8 Approximation),"36047016300","4308",6111.66458687000,1980070.63100000005,,,
"179","3",Brooklyn,"017900","3017900",,Fort Greene,BK0203,BK02,BK02 Downtown Brooklyn-Fort Greene (CD 2 Approximation),"36047017900","4302",5330.11555537000,1705006.94733999996,"Census Tract 179; Kings County; New York",Asian alone or in combination with one or more other races,"843"
