CTLabel,BoroCode,BoroName,CT2020,BoroCT2020,CDEligibil,NTAName,NTA2020,CDTA2020,CDTANAME,GEOID,PUMA,Shape_Leng,Shape_Area,Asian Alone - ACSDT5YSPT2021.B01003-Data_NAME,Asian Alone - ACSDT5YSPT2021.B01003-Data_POPGROUP_LABEL,Asian Alone - ACSDT5YSPT2021.B01003-Data_Total_pop
"18","1",Manhattan,"001800","1001800",,Lower East Side,MN0302,MN03,MN03 Lower East Side-Chinatown (CD 3 Equivalent),"36061001800","4103",6391.92117449000,2399276.86434999993,"Census Tract 18; New York County; New York",Asian alone or in combination with one or more other races,"3441"
"31","1",Manhattan,"003100","1003100",,Tribeca-Civic Center,MN0102,MN01,MN01 Financial District-Tribeca (CD 1 Equivalent),"36061003100","4121",7967.86702864000,2207015.17474000016,"Census Tract 31; New York County; New York",Asian alone or in combination with one or more other races,"770"
"32","1",Manhattan,"003200","1003200",,East Village,MN0303,MN03,MN03 Lower East Side-Chinatown (CD 3 Equivalent),"36061003200","4103",6358.43545384000,2335526.62183000008,,,
"33","1",Manhattan,"003300","1003300",,Tribeca-Civic Center,MN0102,MN01,MN01 Financial District-Tribeca (CD 1 Equivalent),"36061003300","4121",8170.75642439000,3677727.61843999987,,,
"36.01","1",Manhattan,"003601","1003601",,Lower East Side,MN0302,MN03,MN03 Lower East Side-Chinatown (CD 3 Equivalent),"36061003601","4103",4201.29530909000,1082296.16558000003,"Census Tract 36.01; New York County; New York",Asian alone or in combination with one or more other races,"882"
"36.02","1",Manhattan,"003602","1003602",,East Village,MN0303,MN03,MN03 Lower East Side-Chinatown (CD 3 Equivalent),"36061003602","4103",4076.25032584000,961070.50006100000,"Census Tract 36.02; New York County; New York",Asian alone or in combination with one or more other races,"522"
"54","1",Manhattan,"005400","1005400",,Midtown South-Flatiron-Union Square,MN0501,MN05,MN05 Midtown-Flatiron-Union Square (CD 5 Approximation),"36061005400","4165",5588.63701127000,1809255.65822999994,,,
"58","1",Manhattan,"005800","1005800",,Midtown South-Flatiron-Union Square,MN0501,MN05,MN05 Midtown-Flatiron-Union Square (CD 5 Approximation),"36061005800","4165",5720.57431636000,1879679.38883000007,,,
"71","1",Manhattan,"007100","1007100",,West Village,MN0203,MN02,MN02 Greenwich Village-SoHo (CD 2 Equivalent),"36061007100","4121",6603.38612647000,1774264.34210000001,,,
"76","1",Manhattan,"007600","1007600",,Midtown South-Flatiron-Union Square,MN0501,MN05,MN05 Midtown-Flatiron-Union Square (CD 5 Approximation),"36061007600","4165",5717.63343742000,1873518.14596000011,"Census Tract 76; New York County; New York",Asian alone or in combination with one or more other races,"828"
"77","1",Manhattan,"007700","1007700",,West Village,MN0203,MN02,MN02 Greenwich Village-SoHo (CD 2 Equivalent),"36061007700","4121",5765.37214246000,1924995.85467000003,,,
"81","1",Manhattan,"008100","1008100",,Chelsea-Hudson Yards,MN0401,MN04,MN04 Chelsea-Hell's Kitchen (CD 4 Approximation),"36061008100","4104",5683.39375249000,1875912.49867999996,,,
"82","1",Manhattan,"008200","1008200",,Midtown-Times Square,MN0502,MN05,MN05 Midtown-Flatiron-Union Square (CD 5 Approximation),"36061008200","4165",5681.26086793000,1856719.42015999998,,,
"84","1",Manhattan,"008400","1008400",,Midtown-Times Square,MN0502,MN05,MN05 Midtown-Flatiron-Union Square (CD 5 Approximation),"36061008400","4165",5690.70188955000,1862741.79820000008,"Census Tract 84; New York County; New York",Asian alone or in combination with one or more other races,"531"
"87","1",Manhattan,"008700","1008700",,Chelsea-Hudson Yards,MN0401,MN04,MN04 Chelsea-Hell's Kitchen (CD 4 Approximation),"36061008700","4104",5579.48038550000,1780834.06535000005,,,
"91","1",Manhattan,"009100","1009100",,Chelsea-Hudson Yards,MN0401,MN04,MN04 Chelsea-Hell's Kitchen (CD 4 Approximation),"36061009100","4104",5743.39332012000,1927040.12601000001,,,
"94","1",Manhattan,"009400","1009400",,Midtown-Times Square,MN0502,MN05,MN05 Midtown-Flatiron-Union Square (CD 5 Approximation),"36061009400","4165",5738.94007408000,1646379.21084999992,,,
"95","1",Manhattan,"009500","1009500",,Midtown South-Flatiron-Union Square,MN0501,MN05,MN05 Midtown-Flatiron-Union Square (CD 5 Approximation),"36061009500","4165",5658.97071691000,1851171.24881000002,,,
"96","1",Manhattan,"009600","1009600",,Midtown-Times Square,MN0502,MN05,MN05 Midtown-Flatiron-Union Square (CD 5 Approximation),"36061009600","4165",5737.35624361000,1887288.38571999990,,,
"101","1",Manhattan,"010100","1010100",,Midtown South-Flatiron-Union Square,MN0501,MN05,MN05 Midtown-Flatiron-Union Square (CD 5 Approximation),"36061010100","4165",5701.71593196000,1891377.98652000003,"Census Tract 101; New York County; New York",Asian alone or in combination with one or more other races,"491"
"113","1",Manhattan,"011300","1011300",,Midtown-Times Square,MN0502,MN05,MN05 Midtown-Flatiron-Union Square (CD 5 Approximation),"36061011300","4165",5699.86063926000,1890907.26841000002,,,
"119","1",Manhattan,"011900","1011900",,Midtown-Times Square,MN0502,MN05,MN05 Midtown-Flatiron-Union Square (CD 5 Approximation),"36061011900","4165",5722.09072885000,1911310.68699999992,,,
"125","1",Manhattan,"012500","1012500",,Midtown-Times Square,MN0502,MN05,MN05 Midtown-Flatiron-Union Square (CD 5 Approximation),"36061012500","4165",5683.93714341000,1875481.30315999989,"Census Tract 125; New York County; New York",Asian alone or in combination with one or more other races,"806"
"177","1",Manhattan,"017700","1017700",,Upper West Side (Central),MN0702,MN07,MN07 Upper West Side (CD 7 Approximation),"36061017700","4107",5688.50157024000,1878929.74707999988,,,
"181","1",Manhattan,"018100","1018100",,Upper West Side (Central),MN0702,MN07,MN07 Upper West Side (CD 7 Approximation),"36061018100","4107",5253.87795421000,1489902.89326999988,,,
"187","1",Manhattan,"018700","1018700",,Upper West Side-Manhattan Valley,MN0703,MN07,MN07 Upper West Side (CD 7 Approximation),"36061018700","4107",6534.41136082000,2323892.25423000008,,,
"251","4",Queens,"025100","4025100",,Woodside,QN0203,QN02,QN02 Long Island City-Sunnyside-Woodside (CD 2 Approximation),"36081025100","4402",7406.43530060000,2646559.91147999978,"Census Tract 251; Queens County; New York",Asian alone or in combination with one or more other races,"1424"
"255","4",Queens,"025500","4025500",,Woodside,QN0203,QN02,QN02 Long Island City-Sunnyside-Woodside (CD 2 Approximation),"36081025500","4402",7492.78594737000,2345871.57811000012,"Census Tract 255; Queens County; New York",Asian alone or in combination with one or more other races,"911"
"257","4",Queens,"025700","4025700",,Woodside,QN0203,QN02,QN02 Long Island City-Sunnyside-Woodside (CD 2 Approximation),"36081025700","4402",7917.29861648000,1621552.76775999996,"Census Tract 257; Queens County; New York",Asian alone or in combination with one or more other races,"784"
"259","4",Queens,"025900","4025900",,Woodside,QN0203,QN02,QN02 Long Island City-Sunnyside-Woodside (CD 2 Approximation),"36081025900","4402",6688.71680898000,2014820.56841000007,"Census Tract 259; Queens County; New York",Asian alone or in combination with one or more other races,"1397"
"473","4",Queens,"047300","4047300",,Elmhurst,QN0401,QN04,QN04 Elmhurst-Corona (CD 4 Approximation),"36081047300","4404",7228.94640036000,2136377.20740999980,"Census Tract 473; Queens County; New York",Asian alone or in combination with one or more other races,"3090"
"561","4",Queens,"056100","4056100",,Highland Park-Cypress Hills Cemeteries (North),QN0574,QN05,QN05 Ridgewood-Maspeth-Middle Village (CD 5 Approximation),"36081056100","4405",33067.82702700000,31227050.00719999894,,,
"38","1",Manhattan,"003800","1003800",,East Village,MN0303,MN03,MN03 Lower East Side-Chinatown (CD 3 Equivalent),"36061003800","4103",5840.78675497000,2180047.43844000017,,,
"479","4",Queens,"047900","4047900",,Elmhurst,QN0401,QN04,QN04 Elmhurst-Corona (CD 4 Approximation),"36081047900","4404",11694.37731100000,4238221.04674000014,"Census Tract 479; Queens County; New York",Asian alone or in combination with one or more other races,"4245"
"485","4",Queens,"048500","4048500",,Elmhurst,QN0401,QN04,QN04 Elmhurst-Corona (CD 4 Approximation),"36081048500","4404",10984.90710060000,3415647.86502999999,"Census Tract 485; Queens County; New York",Asian alone or in combination with one or more other races,"3074"
"635","4",Queens,"063500","4063500",,Glendale,QN0503,QN05,QN05 Ridgewood-Maspeth-Middle Village (CD 5 Approximation),"36081063500","4405",6161.50543231000,2039753.49314999999,,,
"471","4",Queens,"047100","4047100",,Elmhurst,QN0401,QN04,QN04 Elmhurst-Corona (CD 4 Approximation),"36081047100","4404",5796.06775897000,1692064.80596000003,"Census Tract 471; Queens County; New York",Asian alone or in combination with one or more other races,"3282"
"249","4",Queens,"024900","4024900",,Woodside,QN0203,QN02,QN02 Long Island City-Sunnyside-Woodside (CD 2 Approximation),"36081024900","4402",5899.22586119000,2196907.25070999982,"Census Tract 249; Queens County; New York",Asian alone or in combination with one or more other races,"2329"
"185","1",Manhattan,"018500","1018500",,Upper West Side-Manhattan Valley,MN0703,MN07,MN07 Upper West Side (CD 7 Approximation),"36061018500","4107",5169.48479389000,1406208.06062999996,,,
"229","4",Queens,"022900","4022900",,Calvary & Mount Zion Cemeteries,QN0271,QN02,QN02 Long Island City-Sunnyside-Woodside (CD 2 Approximation),"36081022900","4402",22214.07927550000,14291820.01950000040,,,
"30.01","1",Manhattan,"003001","1003001",,Lower East Side,MN0302,MN03,MN03 Lower East Side-Chinatown (CD 3 Equivalent),"36061003001","4103",4774.16344958000,1330481.61765999999,,,
"30.02","1",Manhattan,"003002","1003002",,East Village,MN0303,MN03,MN03 Lower East Side-Chinatown (CD 3 Equivalent),"36061003002","4103",4045.16613839000,841097.86763500003,,,
"179","1",Manhattan,"017900","1017900",,Upper West Side (Central),MN0702,MN07,MN07 Upper West Side (CD 7 Approximation),"36061017900","4107",6438.49081547000,2278484.15436000004,,,
"183","1",Manhattan,"018300","1018300",,Upper West Side (Central),MN0702,MN07,MN07 Upper West Side (CD 7 Approximation),"36061018300","4107",6592.53533538000,2391021.04184000008,,,
"56","1",Manhattan,"005600","1005600",,Midtown South-Flatiron-Union Square,MN0501,MN05,MN05 Midtown-Flatiron-Union Square (CD 5 Approximation),"36061005600","4165",5723.84052937000,1878253.48965999996,,,
"74","1",Manhattan,"007400","1007400",,Midtown South-Flatiron-Union Square,MN0501,MN05,MN05 Midtown-Flatiron-Union Square (CD 5 Approximation),"36061007400","4165",5726.15764943000,1879420.44891000004,,,
"245","4",Queens,"024500","4024500",,Woodside,QN0203,QN02,QN02 Long Island City-Sunnyside-Woodside (CD 2 Approximation),"36081024500","4402",7675.54619491000,2774851.73272999981,"Census Tract 245; Queens County; New York",Asian alone or in combination with one or more other races,"1710"
"475","4",Queens,"047500","4047500",,Elmhurst,QN0401,QN04,QN04 Elmhurst-Corona (CD 4 Approximation),"36081047500","4404",8890.14264304000,3028835.98368000006,"Census Tract 475; Queens County; New York",Asian alone or in combination with one or more other races,"3086"
"15.01","1",Manhattan,"001501","1001501",,Financial District-Battery Park City,MN0101,MN01,MN01 Financial District-Tribeca (CD 1 Equivalent),"36061001501","4121",9809.17561606000,2955567.68398999982,"Census Tract 15.01; New York County; New York",Asian alone or in combination with one or more other races,"1870"
"29.01","1",Manhattan,"002901","1002901",,Tribeca-Civic Center,MN0102,MN01,MN01 Financial District-Tribeca (CD 1 Equivalent),"36061002901","4121",7354.63686467000,1561370.41705000005,,,
"13","1",Manhattan,"001300","1001300",,Financial District-Battery Park City,MN0101,MN01,MN01 Financial District-Tribeca (CD 1 Equivalent),"36061001300","4121",8814.23648489000,3413079.23357999977,"Census Tract 13; New York County; New York",Asian alone or in combination with one or more other races,"1341"
"21","1",Manhattan,"002100","1002100",,Tribeca-Civic Center,MN0102,MN01,MN01 Financial District-Tribeca (CD 1 Equivalent),"36061002100","4121",6740.33241512000,2560061.41981999995,,,
"633.01","4",Queens,"063301","4063301",,Glendale,QN0503,QN05,QN05 Ridgewood-Maspeth-Middle Village (CD 5 Approximation),"36081063301","4405",5604.76508543000,1452390.75288000004,,,
"633.02","4",Queens,"063302","4063302",,Glendale,QN0503,QN05,QN05 Ridgewood-Maspeth-Middle Village (CD 5 Approximation),"36081063302","4405",6411.41462321000,1490799.01913999999,,,
"641.02","4",Queens,"064102","4064102",,Forest Park,QN8291,QN82,QN82 Forest Park (JIA 82 Approximation),"36081064102","4409",29485.12453860000,24009736.07349999994,,,
