CTLabel,BoroCode,BoroName,CT2020,BoroCT2020,CDEligibil,NTAName,NTA2020,CDTA2020,CDTANAME,GEOID,PUMA,Shape_Leng,Shape_Area,Asian Alone - ACSDT5YSPT2021.B01003-Data_NAME,Asian Alone - ACSDT5YSPT2021.B01003-Data_POPGROUP_LABEL,Asian Alone - ACSDT5YSPT2021.B01003-Data_Total_pop
"281","4",Queens,"028100","4028100",,Jackson Heights,QN0301,QN03,QN03 Jackson Heights-East Elmhurst (CD 3 Approximation),"36081028100","4403",7391.19930172000,1877449.65647000005,,,
"497","4",Queens,"049700","4049700",,Maspeth,QN0501,QN05,QN05 Ridgewood-Maspeth-Middle Village (CD 5 Approximation),"36081049700","4405",6140.53988240000,2129377.45016000001,"Census Tract 497; Queens County; New York",Asian alone or in combination with one or more other races,"903"
"587","4",Queens,"058700","4058700",,Ridgewood,QN0502,QN05,QN05 Ridgewood-Maspeth-Middle Village (CD 5 Approximation),"36081058700","4405",5093.74821868000,1549455.35177000007,,,
"265.02","4",Queens,"026502","4026502",,Woodside,QN0203,QN02,QN02 Long Island City-Sunnyside-Woodside (CD 2 Approximation),"36081026502","4402",4334.86778143000,752238.18654300005,,,
